"scope","Year","dengue_total","lwr","upr"
"global",NA,74008071,73778352,74649736
"annual",1990,443028,342886,1070800
"annual",1991,479853,479853,479853
"annual",1992,252480,252480,252480
"annual",1993,269057,269057,269057
"annual",1994,393343,393332,393354
"annual",1995,569515,569514,569515
"annual",1996,538547,538547,538547
"annual",1997,705007,705007,705007
"annual",1998,1306932,1306932,1306932
"annual",1999,444297,444297,444297
"annual",2000,512681,512681,512681
"annual",2001,999172,999172,999172
"annual",2002,1312651,1312651,1312651
"annual",2003,818071,818071,818071
"annual",2004,584654,584654,584654
"annual",2005,802703,802703,802703
"annual",2006,948654,948654,948654
"annual",2007,1420722,1420722,1420722
"annual",2008,1411193,1411189,1411197
"annual",2009,1647367,1647367,1647367
"annual",2010,2418283,2418266,2418300
"annual",2011,1557340,1557321,1557358
"annual",2012,1823174,1823167,1823180
"annual",2013,3322998,3322998,3322998
"annual",2014,1872895,1872502,1873288
"annual",2015,3502880,3502161,3504856
"annual",2016,3919043,3919043,3919043
"annual",2017,1885523,1884678,1886365
"annual",2018,1653933,1653729,1654239
"annual",2019,5121896,5119619,5124427
"annual",2020,3210337,3206062,3214798
"annual",2021,2170562,2160218,2181837
"annual",2022,4402648,4398869,4406510
"annual",2023,6612604,6596690,6628686
"annual",2024,14674028,14522060,14958000
