"od_region","Year","fit","lwr","upr"
"Caribbean",1990,14040.5809589668,7584.59748301984,25991.8755222868
"Caribbean",1991,14592.0613930571,8078.89695936424,26356.1048952287
"Caribbean",1992,15158.5772866641,8599.4109113622,26720.7216545684
"Caribbean",1993,15734.2345236254,9143.2873826026,27076.2719889459
"Caribbean",1994,16324.3267023803,9713.87099813082,27433.3108126846
"Caribbean",1995,16930.952531104,10312.6808507192,27796.5698502641
"Caribbean",1996,17554.9660223996,10940.3544574345,28168.8160330294
"Caribbean",1997,18195.3170747714,11596.0763764017,28550.1365035161
"Caribbean",1998,18853.8277126897,12280.4758159684,28945.6878338192
"Caribbean",1999,19531.4455500905,12993.238584819,29359.6829447787
"Caribbean",2000,20223.9000825076,13729.9798827644,29789.2741314709
"Caribbean",2001,20928.073772163,14486.170274895,30234.648875565
"Caribbean",2002,21648.8364489065,15261.9000047915,30708.6351924967
"Caribbean",2003,22391.5429840403,16056.8588109444,31225.3600227449
"Caribbean",2004,23150.9798772677,16862.1508121013,31785.2612783544
"Caribbean",2005,23926.1446572391,17670.5386709498,32396.3184608657
"Caribbean",2006,24721.4279826005,18477.5963042821,33075.135501108
"Caribbean",2007,25539.1294777832,19276.4579126482,33836.4619391515
"Caribbean",2008,26380.4555970159,20058.8330555836,34694.3631056547
"Caribbean",2009,27249.9959043594,20818.9575057622,35667.6013475737
"Caribbean",2010,28109.3771152652,21518.8584868638,36718.3548463099
"Caribbean",2011,28990.6370321164,22175.86650211,37899.6254981942
"Caribbean",2012,29919.1668320586,22804.3263534178,39253.8034253483
"Caribbean",2013,30870.2859869058,23382.4585154985,40755.9605540066
"Caribbean",2014,31836.1550189873,23903.6897002779,42401.01754589
"Caribbean",2015,32824.999535595,24375.4634528663,44203.4916216172
"Caribbean",2016,33835.6331953005,24799.3857633308,46164.4528075263
"Caribbean",2017,34821.4936863671,25145.1253118749,48221.5303169349
"Caribbean",2018,35870.3573973765,25480.3154427901,50497.1197356038
"Caribbean",2019,36988.2096075641,25811.3518205177,53004.8817081158
"Caribbean",2020,38110.0807046394,26095.3777161814,55656.5330117267
"Caribbean",2021,39229.3540708905,26331.8043161647,58444.2373314524
"Caribbean",2022,40368.9797568686,26539.5648035031,61404.7192814315
"Caribbean",2023,41572.1244806378,26749.0156422401,64609.5376722772
"Caribbean",2024,42624.6685893236,26825.8398876422,67728.070396284
"East & Southeast Asia",1990,163405.938973321,121857.222152425,219121.201190303
"East & Southeast Asia",1991,173267.447300406,130689.998062237,229716.188990241
"East & Southeast Asia",1992,183346.511609053,139862.223406768,240350.414146081
"East & Southeast Asia",1993,193870.686294704,149553.862009422,251319.775359673
"East & Southeast Asia",1994,204844.90757275,159778.240778384,262622.970149547
"East & Southeast Asia",1995,216353.85551244,170610.697658056,274361.405454857
"East & Southeast Asia",1996,228436.881265405,182091.977311874,286577.198472006
"East & Southeast Asia",1997,241088.826349907,194226.528850838,299257.895070625
"East & Southeast Asia",1998,254318.235005091,207027.472284417,312411.507238275
"East & Southeast Asia",1999,268102.604630675,220479.713529492,326011.883175535
"East & Southeast Asia",2000,282553.344221109,234674.847647534,340200.039036316
"East & Southeast Asia",2001,297701.016781075,249635.451280183,355021.27177047
"East & Southeast Asia",2002,313439.511279572,265263.208938505,370365.448055604
"East & Southeast Asia",2003,329870.028882103,281625.886452472,386378.6718095
"East & Southeast Asia",2004,347095.007838106,298785.913044781,403214.941556091
"East & Southeast Asia",2005,365253.880029465,316829.182874315,421079.888115933
"East & Southeast Asia",2006,384429.193927453,335781.826412044,440124.490127589
"East & Southeast Asia",2007,404640.504349577,355600.977215575,460442.879101032
"East & Southeast Asia",2008,425944.570055455,376260.685689636,482189.034517895
"East & Southeast Asia",2009,448418.587896603,397738.712819554,505556.093712229
"East & Southeast Asia",2010,472103.248898862,419969.131827052,530709.18962836
"East & Southeast Asia",2011,496910.736337212,442765.362272929,557677.499024832
"East & Southeast Asia",2012,523153.542618002,466298.887422851,586940.3434917
"East & Southeast Asia",2013,550768.147517946,490415.570514771,618547.963315966
"East & Southeast Asia",2014,579552.244847995,514853.180794736,652381.721697588
"East & Southeast Asia",2015,609528.860144473,539569.940801218,688558.430066241
"East & Southeast Asia",2016,640925.761666078,564723.474930773,727410.582706162
"East & Southeast Asia",2017,673966.243526189,590479.038050413,769257.616515121
"East & Southeast Asia",2018,708000.981387999,616247.920760842,813415.141470155
"East & Southeast Asia",2019,742899.109291222,641911.62863088,859774.246126098
"East & Southeast Asia",2020,778604.144154435,667423.715527614,908305.172846945
"East & Southeast Asia",2021,814792.397966405,692514.563861429,958660.924157384
"East & Southeast Asia",2022,852006.966957967,717655.056995124,1011510.84308439
"East & Southeast Asia",2023,890539.857988769,743089.369429337,1067248.80114446
"East & Southeast Asia",2024,930044.048929431,768522.661005034,1125512.5929766
"Europe, Middle East & North Africa",1990,118.613295179461,22.2077148656863,633.52370464142
"Europe, Middle East & North Africa",1991,143.081140442521,28.3217872388005,722.843250594218
"Europe, Middle East & North Africa",1992,172.527521457717,36.1024561221899,824.479796044896
"Europe, Middle East & North Africa",1993,208.034733188674,46.0175616581616,940.476823486949
"Europe, Middle East & North Africa",1994,250.937469520953,58.6716657332382,1073.25423307193
"Europe, Middle East & North Africa",1995,302.36381077471,74.7187430201446,1223.57350205364
"Europe, Middle East & North Africa",1996,363.892111494786,95.0311937448711,1393.4105591016
"Europe, Middle East & North Africa",1997,438.33180202618,120.95998767852,1588.41590806178
"Europe, Middle East & North Africa",1998,528.345391431561,154.044706005793,1812.12882860429
"Europe, Middle East & North Africa",1999,637.155538395434,196.246349528783,2068.66105322603
"Europe, Middle East & North Africa",2000,768.959668173497,250.158299744915,2363.69919319262
"Europe, Middle East & North Africa",2001,928.63756599187,319.028681290809,2703.10407666832
"Europe, Middle East & North Africa",2002,1122.74131418266,407.229101461395,3095.42725224932
"Europe, Middle East & North Africa",2003,1358.8312021094,520.220378705648,3549.30777686972
"Europe, Middle East & North Africa",2004,1644.8357455769,664.468009249489,4071.65520727375
"Europe, Middle East & North Africa",2005,1990.71962658461,848.268101768517,4671.8303133254
"Europe, Middle East & North Africa",2006,2408.27839218047,1081.96044038261,5360.45921622826
"Europe, Middle East & North Africa",2007,2914.48214912166,1379.80463317068,6156.09340144756
"Europe, Middle East & North Africa",2008,3527.00858610741,1758.45840968502,7074.2586221892
"Europe, Middle East & North Africa",2009,4263.66368395156,2236.80383369874,8127.14451574734
"Europe, Middle East & North Africa",2010,5148.5105966881,2839.2658466513,9335.92090204334
"Europe, Middle East & North Africa",2011,6219.35121997889,3600.71353539102,10742.4068083362
"Europe, Middle East & North Africa",2012,7515.54281420273,4560.35561051931,12385.7410728727
"Europe, Middle East & North Africa",2013,9075.59077508557,5759.1647422864,14301.7870824301
"Europe, Middle East & North Africa",2014,10957.1036188118,7250.5191396766,16558.5549669667
"Europe, Middle East & North Africa",2015,13226.3510853158,9091.22975608027,19242.3211958794
"Europe, Middle East & North Africa",2016,15956.2710892038,11333.9878154542,22463.6369138321
"Europe, Middle East & North Africa",2017,19228.9261102847,14019.5441948297,26374.0100402943
"Europe, Middle East & North Africa",2018,23144.1037336181,17172.4420146538,31192.3916921885
"Europe, Middle East & North Africa",2019,27871.5191290262,20834.2269465942,37285.8364532054
"Europe, Middle East & North Africa",2020,33558.3115619447,24998.9480648965,45048.3065113409
"Europe, Middle East & North Africa",2021,40362.6162412991,29651.2924026643,54943.3315660803
"Europe, Middle East & North Africa",2022,48660.1956655644,34929.5759540218,67788.2447049401
"Europe, Middle East & North Africa",2023,58649.3314850765,40833.1073696587,84239.0967825856
"Europe, Middle East & North Africa",2024,69821.5110389873,46879.5942529079,103990.733739446
"North & Central America",1990,30383.8677087398,16900.3077750287,54625.0061970031
"North & Central America",1991,33325.0440239474,18935.2307237082,58650.3843234156
"North & Central America",1992,36547.2738762479,21211.0602679407,62972.0160573166
"North & Central America",1993,40060.6321224746,23745.8082344296,67584.738755084
"North & Central America",1994,43880.5198970119,26561.412750127,72492.3800004894
"North & Central America",1995,48042.7407987955,29693.3481630675,77731.3804689452
"North & Central America",1996,52578.5818445664,33176.1573201433,83328.1335782449
"North & Central America",1997,57523.2433771826,37048.5223924539,89313.238827159
"North & Central America",1998,62927.0274382997,41360.7566593167,95738.354470567
"North & Central America",1999,68828.4364794074,46157.5878419841,102634.342254142
"North & Central America",2000,75272.0589196834,51489.3384807613,110039.923238193
"North & Central America",2001,82316.5074127394,57417.4701786288,118012.99102087
"North & Central America",2002,90003.5939288395,63993.0390049709,126586.376363188
"North & Central America",2003,98393.110782817,71279.948307635,135819.462266399
"North & Central America",2004,107559.039348434,79352.2223389885,145792.349660177
"North & Central America",2005,117579.136857069,88285.5485988641,156592.484766314
"North & Central America",2006,128546.653912861,98164.3011621793,168332.500069376
"North & Central America",2007,140579.734974575,109086.893222693,181164.402997321
"North & Central America",2008,153753.608859148,121109.998163502,195195.876440331
"North & Central America",2009,168120.224316544,134256.975200405,210524.702959044
"North & Central America",2010,183798.196849767,148584.196917835,227357.806994148
"North & Central America",2011,200914.889280201,164131.734505672,245941.425380359
"North & Central America",2012,219564.874752209,180885.076500929,266515.818537996
"North & Central America",2013,239886.497549555,198836.257629194,289411.661599004
"North & Central America",2014,262013.884751629,217948.575116898,314988.413050273
"North & Central America",2015,286063.179268046,238153.651727335,343610.698132954
"North & Central America",2016,312249.762733947,259461.275210044,375778.290029895
"North & Central America",2017,340757.555288986,281861.916397205,411959.561514135
"North & Central America",2018,371703.885012398,305305.063860497,452543.355771003
"North & Central America",2019,405322.587955353,329852.050356212,498060.873441319
"North & Central America",2020,440871.768683247,354789.526267317,547840.062999626
"North & Central America",2021,478473.462763629,380134.959761078,602251.512759861
"North & Central America",2022,520059.132459572,407332.223241986,663982.581839415
"North & Central America",2023,566086.162152941,436605.112460662,733966.538263839
"North & Central America",2024,611796.783388291,464197.177555509,806328.263638571
"Pacific Islands",1990,4003.77604461128,1524.30029177584,10516.446596443
"Pacific Islands",1991,4230.43898866811,1673.19259054144,10696.0873111755
"Pacific Islands",1992,4465.76144256647,1834.34078054102,10872.0394124539
"Pacific Islands",1993,4710.916798971,2008.90848661888,11047.1617968915
"Pacific Islands",1994,4969.4183024662,2199.15340258336,11229.3750112551
"Pacific Islands",1995,5245.90630725813,2408.05179868033,11428.1316538174
"Pacific Islands",1996,5541.58732120266,2637.21384181669,11644.558189244
"Pacific Islands",1997,5852.15547104579,2885.54838608589,11868.7053810754
"Pacific Islands",1998,6178.77889657038,3154.35204542291,12103.058917631
"Pacific Islands",1999,6526.10880351084,3446.67634573325,12356.8597231316
"Pacific Islands",2000,6894.67413355411,3763.41801825764,12631.2121526984
"Pacific Islands",2001,7283.91858854184,4104.57737749362,12925.9275986417
"Pacific Islands",2002,7693.88468002313,4470.02583812012,13242.8454808193
"Pacific Islands",2003,8123.66042098709,4858.48996612522,13583.2036487963
"Pacific Islands",2004,8577.92555992445,5271.33442104461,13958.6679641972
"Pacific Islands",2005,9060.77639445416,5708.94105725486,14380.5423890248
"Pacific Islands",2006,9585.65105097572,6176.84512712717,14875.6694040356
"Pacific Islands",2007,10159.7166378224,6675.87702921224,15461.6152618115
"Pacific Islands",2008,10783.4712547399,7201.25511347591,16147.6368312792
"Pacific Islands",2009,11438.7206841483,7734.09344254092,16917.862689667
"Pacific Islands",2010,12115.1246855447,8259.26359870214,17771.1056672605
"Pacific Islands",2011,12819.6882826899,8773.09740186734,18732.7690708592
"Pacific Islands",2012,13571.1843300634,9280.62145276054,19845.3352567003
"Pacific Islands",2013,14368.0680930215,9774.04169043102,21121.3935098939
"Pacific Islands",2014,15194.0960571093,10237.1397721803,22551.2750758793
"Pacific Islands",2015,16059.6551892553,10673.6552077938,24163.4678820661
"Pacific Islands",2016,16979.8950470702,11091.7425081539,25993.82699315
"Pacific Islands",2017,17958.1695167369,11492.4936170841,28061.4341096919
"Pacific Islands",2018,18979.0063502164,11865.7935426706,30356.3921575267
"Pacific Islands",2019,20034.0426501256,12207.278348727,32878.9803460903
"Pacific Islands",2020,21085.303732154,12495.8881695087,35578.9062326945
"Pacific Islands",2021,22157.8405245763,12749.5857717667,38508.6939686923
"Pacific Islands",2022,23296.0445241289,12995.447508658,41761.2160034218
"Pacific Islands",2023,24497.2903503724,13231.9332294625,45353.7078901074
"Pacific Islands",2024,25456.2652447287,13299.4289220587,48725.5087423463
"South America",1990,78927.4892976949,32977.3365646538,188903.93269403
"South America",1991,89733.9282149543,38655.2525888262,208307.47010082
"South America",1992,101973.873216371,45286.5234265743,229619.543121
"South America",1993,115837.215202166,53029.293768378,253034.869451615
"South America",1994,131523.225553687,62060.0858443865,278735.657946413
"South America",1995,149288.392259438,72598.3812870189,306990.647288619
"South America",1996,169384.715279626,84880.5486377414,338018.33554128
"South America",1997,192120.792063268,99191.758945199,372111.545712274
"South America",1998,217880.858941861,115881.052381561,409662.04325563
"South America",1999,246999.087125543,135298.996999219,450916.491577569
"South America",2000,279787.485248597,157809.743757483,496046.917242534
"South America",2001,316698.434971302,183883.217741527,545443.461046317
"South America",2002,358263.335127509,214069.109829506,599584.953657778
"South America",2003,405065.004473664,248984.742634321,658986.796191876
"South America",2004,457773.276705821,289338.5326269,724260.163219276
"South America",2005,517157.997363014,335940.070122425,796131.268708307
"South America",2006,584017.340484103,389651.421258093,875336.866178674
"South America",2007,659229.527378808,451409.822324593,962725.107597667
"South America",2008,743807.325601716,522249.660947642,1059357.96418687
"South America",2009,838906.701261771,603285.558297687,1166552.79368487
"South America",2010,945866.478124268,695702.974850518,1285984.71873925
"South America",2011,1066314.19124471,800781.237329515,1419895.84851123
"South America",2012,1201983.55550717,919680.150085977,1570942.31899492
"South America",2013,1354758.91163126,1053364.47193604,1742389.98707729
"South America",2014,1526908.73442154,1202674.67282895,1938554.4037181
"South America",2015,1720867.62834469,1368077.61923688,2164632.5856398
"South America",2016,1939123.21992338,1549562.53079078,2426619.63446358
"South America",2017,2184238.92040004,1746757.58111908,2731288.93955267
"South America",2018,2458658.80979678,1958974.64062279,3085799.59006999
"South America",2019,2765481.73881395,2186046.94122674,3498501.8406886
"South America",2020,3107218.926936,2427480.87827636,3977295.7827642
"South America",2021,3486571.80002754,2683110.88179804,4530630.09777704
"South America",2022,3912561.5511177,2957674.03450409,5175735.29493125
"South America",2023,4394242.75997632,3255597.04563263,5931130.03942171
"South America",2024,4906366.68864147,3555972.11663627,6769578.97695266
"South Asia",1990,3133.5941639896,832.934169471415,11788.9417249159
"South Asia",1991,3696.19434979278,1028.26737564372,13286.2842827114
"South Asia",1992,4358.57446516578,1268.97299934583,14970.5087328008
"South Asia",1993,5136.32921564913,1564.90391531041,16858.4649532925
"South Asia",1994,6048.53151859364,1928.31687369596,18972.3660205802
"South Asia",1995,7121.48835901024,2375.50222163479,21349.4207606409
"South Asia",1996,8382.97791435588,2925.47894557514,24021.4747806919
"South Asia",1997,9865.38994486072,3601.46316377365,27023.9939542183
"South Asia",1998,11607.738120162,4432.24483600571,30399.8513736638
"South Asia",1999,13654.2362478871,5452.4576494193,34193.4187298035
"South Asia",2000,16054.1955968307,6703.31865906679,38449.1935069636
"South Asia",2001,18870.1379393508,8236.995164475,43229.6121024641
"South Asia",2002,22164.7857057616,10112.3340688627,48582.0308186859
"South Asia",2003,26021.3683883735,12404.9849577723,54583.8318311865
"South Asia",2004,30545.7156227338,15210.9668833633,61340.002253599
"South Asia",2005,35832.7367147678,18632.0845321412,68912.5802459158
"South Asia",2006,42012.4528155717,22799.9461559484,77414.4894688774
"South Asia",2007,49219.6167261012,27862.6449078696,86946.9025167837
"South Asia",2008,57625.8063217505,34003.5495621737,97658.4385156648
"South Asia",2009,67473.5725851863,41464.8930484434,109796.08682674
"South Asia",2010,78991.1404498503,50498.2597111309,123560.69902727
"South Asia",2011,92438.1612919913,61386.0967158365,139197.86596954
"South Asia",2012,108113.016780693,74437.7101153543,157022.890404732
"South Asia",2013,126358.354864227,89975.8550928857,177452.426848415
"South Asia",2014,147594.413495483,108330.81083946,201088.782833523
"South Asia",2015,172287.013245711,129772.051511248,228730.412962262
"South Asia",2016,201069.326935565,154540.328276212,261607.275494214
"South Asia",2017,234637.172536838,182719.214587986,301307.133243893
"South Asia",2018,273730.517588324,214211.254283368,349787.393336736
"South Asia",2019,319261.833376842,248907.802557311,409501.498964353
"South Asia",2020,372241.874754935,286745.61185026,483229.760438068
"South Asia",2021,433522.068639315,327588.960092155,573710.982031997
"South Asia",2022,504705.160534624,371923.793879368,684891.107431809
"South Asia",2023,587929.656940433,420589.439882724,821849.644171947
"South Asia",2024,677966.463945464,469193.546573345,979635.226425402
"Sub-Saharan Africa",1990,36.8731166994734,3.72022216596219,365.469231266013
"Sub-Saharan Africa",1991,47.1623604264529,5.12461793061819,434.039819379536
"Sub-Saharan Africa",1992,60.3277649159388,7.05943425438658,515.542618375022
"Sub-Saharan Africa",1993,77.2765781511521,9.73788969807529,613.24062152105
"Sub-Saharan Africa",1994,99.2946678207966,13.4735584530297,731.761478752132
"Sub-Saharan Africa",1995,127.461819974607,18.6229360462334,872.392812331275
"Sub-Saharan Africa",1996,162.934146980472,25.6307142313202,1035.77044372074
"Sub-Saharan Africa",1997,208.16049479779,35.2527090820605,1229.14785055515
"Sub-Saharan Africa",1998,266.33637252394,48.554639433896,1460.93275856335
"Sub-Saharan Africa",1999,340.954584574506,66.9049065807904,1737.54115629767
"Sub-Saharan Africa",2000,436.541238572089,92.1927208358601,2067.06398559753
"Sub-Saharan Africa",2001,559.044871115535,127.048359019499,2459.93864330525
"Sub-Saharan Africa",2002,715.896530739042,175.047375267258,2927.82363598261
"Sub-Saharan Africa",2003,916.635938871954,241.104825372854,3484.8802512862
"Sub-Saharan Africa",2004,1173.79473533219,332.056379471751,4149.27755005164
"Sub-Saharan Africa",2005,1503.25986635977,457.25060531112,4942.12626415308
"Sub-Saharan Africa",2006,1924.95460480249,629.375378879221,5887.504269946
"Sub-Saharan Africa",2007,2464.82011407297,865.933911384788,7015.9374923002
"Sub-Saharan Africa",2008,3156.07730189917,1190.86771106676,8364.34126393471
"Sub-Saharan Africa",2009,4039.44025593907,1636.11410555455,9973.06821443878
"Sub-Saharan Africa",2010,5170.63370454317,2246.52703265286,11900.7928762765
"Sub-Saharan Africa",2011,6619.67434686012,3082.44983862058,14215.9940153601
"Sub-Saharan Africa",2012,8472.16367278132,4223.24837718503,16995.81717385
"Sub-Saharan Africa",2013,10843.1048827263,5777.47750537405,20350.2174415114
"Sub-Saharan Africa",2014,13870.1866763473,7883.24234218038,24403.9279887864
"Sub-Saharan Africa",2015,17733.1748119743,10720.3322179741,29333.5581881311
"Sub-Saharan Africa",2016,22675.1788204369,14521.7031175466,35406.57251955
"Sub-Saharan Africa",2017,28981.3543490712,19548.079481938,42966.8244741124
"Sub-Saharan Africa",2018,37021.0802281785,26079.5823478784,52553.0034560821
"Sub-Saharan Africa",2019,47276.4080261173,34372.2741561109,65025.0473885088
"Sub-Saharan Africa",2020,60360.5693672131,44591.6167305383,81705.9035188329
"Sub-Saharan Africa",2021,77038.4495084396,56793.4392364317,104500.146186908
"Sub-Saharan Africa",2022,98284.1821566479,71034.8285462093,135986.53871484
"Sub-Saharan Africa",2023,125464.343957788,87594.8940726482,179705.698276236
"Sub-Saharan Africa",2024,156065.07985984,104099.501165076,233971.430017088
