"Year","who_region","cases","source"
2000,"Global",505430,"WHO Reports"
2008,"Global",1279668,"WHO Reports"
2009,"Global",1451083,"WHO Reports"
2010,"Global",2400000,"WHO Reports"
2000,"WPRO",48034,"WHO Reports"
1990,"SEARO",121401,"WHO Reports"
2004,"WPRO",160823,"WHO Reports"
2005,"WPRO",159847,"WHO Reports"
2009,"WPRO",242424,"WHO Reports"
2010,"WPRO",353907,"WHO Reports"
1991,"SEARO",78742,"WHO Reports"
2011,"WPRO",244880,"WHO Reports"
2012,"WPRO",356838,"WHO Reports"
2013,"WPRO",430023,"WHO Reports"
2014,"WPRO",376972,"WHO Reports"
2019,"Global",5200000,"WHO Reports"
1992,"SEARO",63769,"WHO Reports"
2015,"WPRO",513574,"WHO Reports"
2020,"Global",2904920,"WHO Reports"
1993,"SEARO",98589,"WHO Reports"
2021,"Global",1465348,"WHO Reports"
2022,"Global",3503550,"WHO Reports"
2023,"AFRO",171991,"WHO Reports"
2023,"PAHO",4600086,"WHO Reports"
2019,"Global",5037403,"WHO Reports"
1994,"SEARO",90194,"WHO Reports"
2016,"WPRO",458843,"WHO Reports"
1995,"SEARO",106196,"WHO Reports"
1996,"SEARO",102248,"WHO Reports"
1997,"SEARO",139079,"WHO Reports"
1998,"SEARO",218821,"WHO Reports"
1999,"SEARO",54811,"WHO Reports"
2017,"WPRO",454231,"WHO Reports"
2000,"SEARO",63672,"WHO Reports"
2001,"SEARO",211039,"WHO Reports"
2002,"SEARO",188240,"WHO Reports"
2003,"SEARO",140635,"WHO Reports"
2004,"SEARO",152482,"WHO Reports"
2005,"SEARO",179918,"WHO Reports"
2006,"SEARO",189832,"WHO Reports"
2007,"SEARO",250458,"WHO Reports"
2008,"SEARO",281723,"WHO Reports"
2009,"SEARO",257882,"WHO Reports"
2010,"SEARO",355137,"WHO Reports"
2011,"SEARO",190000,"WHO Reports"
2012,"SEARO",257204,"WHO Reports"
2015,"SEARO",451442,"WHO Reports"
2019,"SEARO",684456,"WHO Reports"
2020,"SEARO",275786,"WHO Reports"
2018,"WPRO",479263,"WHO Reports"
2019,"WPRO",1050285,"WHO Reports"
1990,"PAHO",159141,"WHO Dengue Explorer"
1990,"SEARO",122477,"WHO Dengue Explorer"
1990,"WPRO",54959,"WHO Dengue Explorer"
1991,"PAHO",256459,"WHO Dengue Explorer"
1991,"SEARO",80025,"WHO Dengue Explorer"
1991,"WPRO",138167,"WHO Dengue Explorer"
1992,"PAHO",108129,"WHO Dengue Explorer"
1992,"SEARO",63769,"WHO Dengue Explorer"
1992,"WPRO",122230,"WHO Dengue Explorer"
1993,"PAHO",96100,"WHO Dengue Explorer"
1993,"SEARO",98595,"WHO Dengue Explorer"
1993,"WPRO",71714,"WHO Dengue Explorer"
1994,"PAHO",261047,"WHO Dengue Explorer"
1994,"SEARO",90194,"WHO Dengue Explorer"
1994,"WPRO",59568,"WHO Dengue Explorer"
1995,"PAHO",334820,"WHO Dengue Explorer"
1995,"SEARO",105777,"WHO Dengue Explorer"
1995,"WPRO",125282,"WHO Dengue Explorer"
1996,"PAHO",289630,"WHO Dengue Explorer"
1996,"SEARO",102229,"WHO Dengue Explorer"
1996,"WPRO",147433,"WHO Dengue Explorer"
1997,"PAHO",413393,"WHO Dengue Explorer"
1997,"SEARO",136030,"WHO Dengue Explorer"
1997,"WPRO",155049,"WHO Dengue Explorer"
1998,"PAHO",730645,"WHO Dengue Explorer"
1998,"SEARO",210405,"WHO Dengue Explorer"
1998,"WPRO",357185,"WHO Dengue Explorer"
1999,"PAHO",314254,"WHO Dengue Explorer"
1999,"SEARO",55405,"WHO Dengue Explorer"
1999,"WPRO",64534,"WHO Dengue Explorer"
2000,"PAHO",392858,"WHO Dengue Explorer"
2000,"SEARO",65542,"WHO Dengue Explorer"
2000,"WPRO",46805,"WHO Dengue Explorer"
2001,"PAHO",621214,"WHO Dengue Explorer"
2001,"SEARO",212734,"WHO Dengue Explorer"
2001,"WPRO",135696,"WHO Dengue Explorer"
2002,"PAHO",1008758,"WHO Dengue Explorer"
2002,"SEARO",188340,"WHO Dengue Explorer"
2002,"WPRO",112861,"WHO Dengue Explorer"
2003,"PAHO",502927,"WHO Dengue Explorer"
2003,"SEARO",140691,"WHO Dengue Explorer"
2003,"WPRO",155206,"WHO Dengue Explorer"
2004,"PAHO",263028,"WHO Dengue Explorer"
2004,"SEARO",152575,"WHO Dengue Explorer"
2004,"WPRO",160103,"WHO Dengue Explorer"
2005,"PAHO",427362,"WHO Dengue Explorer"
2005,"SEARO",179918,"WHO Dengue Explorer"
2005,"WPRO",163714,"WHO Dengue Explorer"
2006,"PAHO",551871,"WHO Dengue Explorer"
2006,"SEARO",190271,"WHO Dengue Explorer"
2006,"WPRO",184470,"WHO Dengue Explorer"
2007,"PAHO",900782,"WHO Dengue Explorer"
2007,"SEARO",250551,"WHO Dengue Explorer"
2007,"WPRO",267190,"WHO Dengue Explorer"
2008,"PAHO",908926,"WHO Dengue Explorer"
2008,"SEARO",282068,"WHO Dengue Explorer"
2008,"WPRO",212538,"WHO Dengue Explorer"
2009,"PAHO",1131520,"WHO Dengue Explorer"
2009,"SEARO",257882,"WHO Dengue Explorer"
2009,"WPRO",242094,"WHO Dengue Explorer"
2010,"PAHO",1687954,"WHO Dengue Explorer"
2010,"SEARO",355837,"WHO Dengue Explorer"
2010,"WPRO",353478,"WHO Dengue Explorer"
2011,"PAHO",1090738,"WHO Dengue Explorer"
2011,"SEARO",193033,"WHO Dengue Explorer"
2011,"WPRO",243605,"WHO Dengue Explorer"
2012,"PAHO",1160662,"WHO Dengue Explorer"
2012,"SEARO",274921,"WHO Dengue Explorer"
2012,"WPRO",297591,"WHO Dengue Explorer"
2013,"PAHO",2383406,"WHO Dengue Explorer"
2013,"SEARO",399487,"WHO Dengue Explorer"
2013,"WPRO",304620,"WHO Dengue Explorer"
2014,"PAHO",1193549,"WHO Dengue Explorer"
2014,"SEARO",245185,"WHO Dengue Explorer"
2014,"WPRO",326764,"WHO Dengue Explorer"
1990,"Global",336577,"WHO Dengue Explorer"
1991,"Global",474651,"WHO Dengue Explorer"
1992,"Global",294128,"WHO Dengue Explorer"
1993,"Global",266409,"WHO Dengue Explorer"
1994,"Global",410809,"WHO Dengue Explorer"
1995,"Global",565879,"WHO Dengue Explorer"
1996,"Global",539292,"WHO Dengue Explorer"
1997,"Global",704472,"WHO Dengue Explorer"
1998,"Global",1298235,"WHO Dengue Explorer"
1999,"Global",434193,"WHO Dengue Explorer"
2000,"Global",505205,"WHO Dengue Explorer"
2001,"Global",969644,"WHO Dengue Explorer"
2002,"Global",1309959,"WHO Dengue Explorer"
2003,"Global",798824,"WHO Dengue Explorer"
2004,"Global",575706,"WHO Dengue Explorer"
2005,"Global",770994,"WHO Dengue Explorer"
2006,"Global",926612,"WHO Dengue Explorer"
2007,"Global",1418523,"WHO Dengue Explorer"
2008,"Global",1403532,"WHO Dengue Explorer"
2009,"Global",1631496,"WHO Dengue Explorer"
2010,"Global",2397269,"WHO Dengue Explorer"
2011,"Global",1527376,"WHO Dengue Explorer"
2012,"Global",1733174,"WHO Dengue Explorer"
2013,"Global",3087513,"WHO Dengue Explorer"
2014,"Global",1765498,"WHO Dengue Explorer"
2010,"SEARO",53149,"WHO Dashboard"
2011,"SEARO",29759,"WHO Dashboard"
2012,"SEARO",39321,"WHO Dashboard"
2013,"SEARO",87502,"WHO Dashboard"
2014,"PAHO",1183474,"WHO Dashboard"
2014,"SEARO",23170,"WHO Dashboard"
2015,"PAHO",2414889,"WHO Dashboard"
2015,"SEARO",86953,"WHO Dashboard"
2016,"PAHO",2894080,"WHO Dashboard"
2016,"SEARO",38920,"WHO Dashboard"
2017,"PAHO",833332,"WHO Dashboard"
2017,"SEARO",206676,"WHO Dashboard"
2018,"PAHO",758723,"WHO Dashboard"
2018,"SEARO",148854,"WHO Dashboard"
2019,"PAHO",3181838,"WHO Dashboard"
2019,"SEARO",337629,"WHO Dashboard"
2020,"PAHO",2328389,"WHO Dashboard"
2020,"SEARO",106571,"WHO Dashboard"
2021,"PAHO",1269369,"WHO Dashboard"
2021,"SEARO",75518,"WHO Dashboard"
2022,"PAHO",2815920,"WHO Dashboard"
2022,"SEARO",210901,"WHO Dashboard"
2023,"AFRO",41453,"WHO Dashboard"
2023,"EMRO",13985,"WHO Dashboard"
2023,"PAHO",4594823,"WHO Dashboard"
2023,"SEARO",625223,"WHO Dashboard"
2024,"AFRO",157000,"WHO Dashboard"
2024,"EMRO",81908,"WHO Dashboard"
2024,"EURO",1599,"WHO Dashboard"
2024,"PAHO",13064226,"WHO Dashboard"
2024,"SEARO",566013,"WHO Dashboard"
2024,"WPRO",316958,"WHO Dashboard"
2010,"Global",53149,"WHO Dashboard"
2011,"Global",29759,"WHO Dashboard"
2012,"Global",39321,"WHO Dashboard"
2013,"Global",87502,"WHO Dashboard"
2014,"Global",1206644,"WHO Dashboard"
2015,"Global",2501842,"WHO Dashboard"
2016,"Global",2933000,"WHO Dashboard"
2017,"Global",1040008,"WHO Dashboard"
2018,"Global",907577,"WHO Dashboard"
2019,"Global",3519467,"WHO Dashboard"
2020,"Global",2434960,"WHO Dashboard"
2021,"Global",1344887,"WHO Dashboard"
2022,"Global",3026821,"WHO Dashboard"
2023,"Global",5275484,"WHO Dashboard"
2024,"Global",14187704,"WHO Dashboard"
