"metric","adm_0_name","ISO_A0","od_region","m","point","lwr","upr","within_sd_log","between_sd_log"
"country_growth_since_emergence_pct","AMERICAN SAMOA","ASM","Pacific Islands",50,-3.6295004401606,-11.0333552157667,4.39050734055448,0.0368831425117317,0.0171619642822166
"country_growth_since_emergence_pct","ANGUILLA","AIA","Caribbean",50,2.83799168710794,-3.79509076589531,9.92840821150745,0.0340182096736456,0
"country_growth_since_emergence_pct","ANTIGUA AND BARBUDA","ATG","Caribbean",50,17.2198143216452,4.30305557694768,31.7361681649315,0.0595675585544291,0
"country_growth_since_emergence_pct","ARGENTINA","ARG","South America",50,50.0287186903023,15.360528901899,95.1154059894687,0.134065971343274,0
"country_growth_since_emergence_pct","ARUBA","ABW","Caribbean",50,3.04798636391983,-5.27313407637225,12.1000614780177,0.0429584994402922,0
"country_growth_since_emergence_pct","AUSTRALIA","AUS","Pacific Islands",50,4.06724474954712,1.33851007028414,6.86945586876018,0.0135567678195105,0
"country_growth_since_emergence_pct","BAHAMAS","BHS","Caribbean",50,2.81829927357549,-13.273437937957,21.895788489203,0.086839933109291,0
"country_growth_since_emergence_pct","BANGLADESH","BGD","South Asia",50,36.1785239237371,14.45230670926,62.0289788056097,0.0886794355824889,0
"country_growth_since_emergence_pct","BARBADOS","BRB","Caribbean",50,3.48382407192087,-0.271652352130403,7.38072069899609,0.0188602166169715,0
"country_growth_since_emergence_pct","BELIZE","BLZ","North & Central America",50,11.2345797375847,5.8702935426505,16.8706661270615,0.0252181181422475,0
"country_growth_since_emergence_pct","BERMUDA","BMU","Caribbean",50,0.878681463740638,-6.02308469473318,8.28732078304895,0.0361585475731738,0
"country_growth_since_emergence_pct","BHUTAN","BTN","South Asia",50,-1.16367913179157,-13.8853289925971,13.4373296499465,0.070299947608603,0
"country_growth_since_emergence_pct","BOLIVIA","BOL","South America",50,3.32733262935949,-1.42204781380237,8.30553314936044,0.0240077410718073,0
"country_growth_since_emergence_pct","BONAIRE, SAINT EUSTATIUS AND SABA","BES","Caribbean",50,-23.6847151162323,-36.0917606322923,-8.86898521204685,0.0905245969288456,0
"country_growth_since_emergence_pct","BRAZIL","BRA","South America",50,12.9340555161428,9.05904664475603,16.946748460656,0.0178139094608837,0
"country_growth_since_emergence_pct","BRUNEI DARUSSALAM","BRN","East & Southeast Asia",50,6.92331817634784,-1.93621543564434,16.5832628286717,0.042643154710824,0.0112295449146322
"country_growth_since_emergence_pct","BURKINA FASO","BFA","Sub-Saharan Africa",50,79.6051952034976,4.94063318292617,207.393096131374,0.274171512440748,0
"country_growth_since_emergence_pct","CAMBODIA","KHM","East & Southeast Asia",50,2.32875445471745,-0.470422362637657,5.20665551707407,0.014151115857883,4.9499929775443e-05
"country_growth_since_emergence_pct","CAYMAN ISLANDS","CYM","Caribbean",50,7.70829677995575,0.330486389942442,15.6286350506716,0.0362032246272827,0
"country_growth_since_emergence_pct","CHILE","CHL","South America",50,-11.7703696136341,-23.8015290881739,2.16041850921946,0.0747980358100535,0
"country_growth_since_emergence_pct","CHINA","CHN","East & Southeast Asia",50,10.8055828910289,2.42030340535204,19.8773757897214,0.0401496308550732,0.000120463775537543
"country_growth_since_emergence_pct","COLOMBIA","COL","South America",50,4.49919464250392,2.1997803242461,6.85034396635795,0.0113521658980966,0
"country_growth_since_emergence_pct","COOK ISLANDS","COK","Pacific Islands",50,-3.7123692107335,-9.57227004553731,2.52726511744703,0.0318083581005952,0.0037712688815127
"country_growth_since_emergence_pct","COSTA RICA","CRI","North & Central America",50,1.62015062904175,-1.82411567648331,5.18525078765728,0.0175927928605714,0
"country_growth_since_emergence_pct","COTE D'IVOIRE","CIV","Sub-Saharan Africa",50,35.3473103995167,5.18269408948324,74.1626280916372,0.128647957046867,0
"country_growth_since_emergence_pct","CUBA","CUB","Caribbean",50,-0.893184974907846,-8.45701883361865,7.29561850914426,0.0405056456442322,0
"country_growth_since_emergence_pct","CURACAO","CUW","Caribbean",50,-0.416003413238797,-11.4814910695098,12.0327544601936,0.0600979432098887,0
"country_growth_since_emergence_pct","DOMINICA","DMA","Caribbean",50,8.3016531920104,1.12664398445996,15.9857345401962,0.0349734929629258,0
"country_growth_since_emergence_pct","DOMINICAN REPUBLIC","DOM","Caribbean",50,6.94192024734637,3.88807117577403,10.0855389531644,0.0147818040022207,4.39831546686977e-06
"country_growth_since_emergence_pct","ECUADOR","ECU","South America",50,4.82468032404932,2.14724305154899,7.57229736972822,0.0132012179599487,0
"country_growth_since_emergence_pct","EL SALVADOR","SLV","North & Central America",50,3.82934518012472,0.542954070748314,7.22315671118667,0.0164103014229044,0
"country_growth_since_emergence_pct","ERITREA","ERI","Sub-Saharan Africa",50,-4.35411885815704,-13.3583787264975,5.58591177006653,0.050445987116647,0
"country_growth_since_emergence_pct","ETHIOPIA","ETH","Sub-Saharan Africa",50,14.0635619907235,-23.4202721164846,69.89478199507,0.193991024710548,0.0600204149801237
"country_growth_since_emergence_pct","FIJI","FJI","Pacific Islands",50,7.33600036759749,-1.70390410244168,17.2072692176889,0.0431876513125726,0.0120966502963553
"country_growth_since_emergence_pct","FRANCE","FRA","Europe, Middle East & North Africa",50,49.1259745144406,30.2963722412989,70.6767110422498,0.0688684966599653,0
"country_growth_since_emergence_pct","FRENCH GUIANA","GUF","South America",50,2.48231233933094,-2.96538524320741,8.23585345023467,0.0278691106399554,0
"country_growth_since_emergence_pct","FRENCH POLYNESIA","PYF","Pacific Islands",50,-3.21583246974902,-13.7510566426579,8.60625904382508,0.054882457612206,0.0208293174799739
"country_growth_since_emergence_pct","GRENADA","GRD","Caribbean",50,14.3337541606529,10.2119615609648,18.6096967636093,0.0187332035421938,0
"country_growth_since_emergence_pct","GUADELOUPE","GLP","Caribbean",50,8.12141362116929,-2.39017091734176,19.7649887650188,0.0521828975045758,0
"country_growth_since_emergence_pct","GUATEMALA","GTM","North & Central America",50,10.5569824014677,5.07905938145552,16.3204774544788,0.0259280542695115,0
"country_growth_since_emergence_pct","GUYANA","GUY","South America",50,49.901839856961,28.524903452252,74.8343005046485,0.078500418068607,0
"country_growth_since_emergence_pct","HAITI","HTI","Caribbean",50,25.8985087463149,-5.60056199472411,67.9081447885323,0.146911360976172,0
"country_growth_since_emergence_pct","HONDURAS","HND","North & Central America",50,5.11303989049485,1.71921652240234,8.62009689769305,0.0167452583251395,0
"country_growth_since_emergence_pct","HONG KONG","HKG","East & Southeast Asia",50,-0.603880881557406,-13.7614413905127,14.5611505468825,0.0724481049841851,0
"country_growth_since_emergence_pct","INDIA","IND","South Asia",50,13.0454598837854,6.07385550921904,20.4752663980039,0.0231758191071824,0.022260682308195
"country_growth_since_emergence_pct","INDONESIA","IDN","East & Southeast Asia",50,3.71957738688369,2.04166764017968,5.42507763836082,0.00832140288730876,0
"country_growth_since_emergence_pct","JAMAICA","JAM","Caribbean",50,9.25943268710989,3.23430799223539,15.6362052817457,0.0289413129502872,0
"country_growth_since_emergence_pct","KENYA","KEN","Sub-Saharan Africa",50,19.165513309134,-0.760812231750885,43.0928636315654,0.0933590729561587,0
"country_growth_since_emergence_pct","KIRIBATI","KIR","Pacific Islands",50,7.84767676079607,-1.45452594606296,18.0279611454817,0.0459317377432256,0.00285441244363492
"country_growth_since_emergence_pct","LAO PEOPLE'S DEMOCRATIC REPUBLIC","LAO","East & Southeast Asia",50,4.90058725359459,1.46803839533984,8.44925535344143,0.0169739967157604,0.000119086896638456
"country_growth_since_emergence_pct","MACAU","MAC","East & Southeast Asia",50,-38.3832965882163,-91.3801855829478,340.452422249953,1.00352325526362,0
"country_growth_since_emergence_pct","MALAYSIA","MYS","East & Southeast Asia",50,5.9659157108265,4.19884473157315,7.76295381547132,0.0085798167410207,5.22837053657325e-05
"country_growth_since_emergence_pct","MALDIVES","MDV","South Asia",50,4.28810655516867,0.536753050731753,8.17943526954845,0.0183248170016814,0.00364259946143998
"country_growth_since_emergence_pct","MARSHALL ISLANDS","MHL","Pacific Islands",50,15.9168465797855,3.25036829504386,30.1372144514327,0.0585150928934959,0.00777457763492011
"country_growth_since_emergence_pct","MARTINIQUE","MTQ","Caribbean",50,8.83246798559454,0.680685541816173,17.6442733190968,0.039723040904327,0
"country_growth_since_emergence_pct","MAYOTTE","MYT","Sub-Saharan Africa",50,10.1334909807387,-24.5118999474639,60.6794425500574,0.192716802263944,0.000177878305635182
"country_growth_since_emergence_pct","MEXICO","MEX","North & Central America",50,8.99566964597507,5.56436643427496,12.5385052064053,0.0163203397696476,0
"country_growth_since_emergence_pct","MICRONESIA (FEDERATED STATES OF)","FSM","Pacific Islands",50,15.5113477446291,1.99637249994453,30.8171176164905,0.0628401278057836,0.00894372472190834
"country_growth_since_emergence_pct","MONTSERRAT","MSR","Caribbean",50,-4.10678330965002,-11.7598153783357,4.20999283544987,0.0420787697257356,0.00543728483178632
"country_growth_since_emergence_pct","MYANMAR","MMR","East & Southeast Asia",50,2.85774448494185,0.786637536785939,4.97141147970248,0.0103783179316583,0
"country_growth_since_emergence_pct","NAURU","NRU","Pacific Islands",21,5.71309990246283,-9.70336839171224,23.7616430640186,0.0775189157469595,0.0208403462553605
"country_growth_since_emergence_pct","NEPAL","NPL","South Asia",50,55.2079469820848,31.8993514122201,82.6355213158526,0.0830253362107935,0
"country_growth_since_emergence_pct","NEW CALEDONIA","NCL","Pacific Islands",50,0.769167245237434,-5.16460024116316,7.07420534021039,0.0309644287877881,0.00012549241661831
"country_growth_since_emergence_pct","NICARAGUA","NIC","North & Central America",50,10.3019981517865,7.27838083884293,13.4108354464603,0.0141813288969853,5.06298469472114e-06
"country_growth_since_emergence_pct","NIUE","NIU","Pacific Islands",50,7.19450503663086,-7.79028584584754,24.6144401970345,0.0765553699937617,0.00639811183349451
"country_growth_since_emergence_pct","NORTHERN MARIANA ISLANDS","MNP","Pacific Islands",50,1.63345676173134,-13.528630100745,19.4540984533161,0.0823182716335078,0.00424364604419374
"country_growth_since_emergence_pct","OMAN","OMN","Europe, Middle East & North Africa",50,39.0023580829379,-18.7813376110947,137.896746687331,0.274161080874375,0
"country_growth_since_emergence_pct","PAKISTAN","PAK","South Asia",50,20.9225108546778,10.9080457162888,31.8412342131111,0.0441071845994794,0
"country_growth_since_emergence_pct","PALAU","PLW","Pacific Islands",50,1.07778638319374,-6.49935269536083,9.26896438309073,0.0392941446021028,0.00598501228815932
"country_growth_since_emergence_pct","PANAMA","PAN","North & Central America",50,5.57055277559535,0.129398762419486,11.3073857538007,0.0269985251211695,7.5093900871531e-06
"country_growth_since_emergence_pct","PAPUA NEW GUINEA","PNG","Pacific Islands",50,-14.3089723420372,-28.3381553644373,2.46669281847864,0.0911998297012202,0.00194103836502776
"country_growth_since_emergence_pct","PARAGUAY","PRY","South America",50,13.2291291822177,4.98610562831527,22.1193568294957,0.0385647104447086,0
"country_growth_since_emergence_pct","PERU","PER","South America",50,17.1029497468759,12.0471599213918,22.3868668250042,0.0225175601286472,0
"country_growth_since_emergence_pct","PHILIPPINES","PHL","East & Southeast Asia",50,8.2971332324983,5.44504037989075,11.2263699091358,0.0126486279974141,0.00497683812921353
"country_growth_since_emergence_pct","PUERTO RICO","PRI","Caribbean",50,-3.62361256194874,-6.59382403818284,-0.558951697087939,0.0159716002101323,0
"country_growth_since_emergence_pct","REUNION","REU","Sub-Saharan Africa",50,22.7192793641138,4.48658453301349,44.1335420710307,0.081902825345395,0.00507584578652119
"country_growth_since_emergence_pct","SAINT BARTHELEMY","BLM","Caribbean",50,0.205883525437733,-14.3878421605617,17.2873029546276,0.0803073944676521,0
"country_growth_since_emergence_pct","SAINT KITTS AND NEVIS","KNA","Caribbean",50,11.6954710667059,5.22119453124525,18.5681108487001,0.0304655653246947,0
"country_growth_since_emergence_pct","SAINT LUCIA","LCA","Caribbean",50,8.4433563911481,1.37574963499065,16.0036950426507,0.034385360750708,0
"country_growth_since_emergence_pct","SAINT MARTIN","MAF","Caribbean",50,-0.692929995585512,-13.4618604491713,13.9600897829475,0.0702214589713656,0
"country_growth_since_emergence_pct","SAINT VINCENT AND THE GRENADINES","VCT","Caribbean",50,11.6763060043921,3.16681877070462,20.8876795019299,0.0404381328820074,0
"country_growth_since_emergence_pct","SAMOA","WSM","Pacific Islands",50,21.9072538835516,0.928787246277851,47.2461817376765,0.0922911679886266,0.0273474659395298
"country_growth_since_emergence_pct","SAUDI ARABIA","SAU","Europe, Middle East & North Africa",50,11.0280554050058,7.16294385141445,15.0325723051172,0.0177080840725467,0.00359938562442029
"country_growth_since_emergence_pct","SENEGAL","SEN","Sub-Saharan Africa",50,14.9241523255315,0.255286257223042,31.7392955604914,0.0696709589092814,0
"country_growth_since_emergence_pct","SEYCHELLES","SYC","Sub-Saharan Africa",50,2.4487902164128,-27.0344211485766,43.845286805421,0.155761429553755,0.074541300458155
"country_growth_since_emergence_pct","SINGAPORE","SGP","East & Southeast Asia",50,5.19806530425937,2.52038243300896,7.94568534691735,0.0131549752338115,0
"country_growth_since_emergence_pct","SINT MAARTEN","SXM","Caribbean",50,-13.9520846467913,-30.8755536135438,7.11469130961027,0.111734627351752,0
"country_growth_since_emergence_pct","SOLOMON ISLANDS","SLB","Pacific Islands",50,10.4748843006403,-0.518113573339796,22.6826360016542,0.0532898508776121,0.00442299578129567
"country_growth_since_emergence_pct","SRI LANKA","LKA","South Asia",50,10.9243198245552,7.20523362268501,14.7724258672441,0.017399858932713,0
"country_growth_since_emergence_pct","SUDAN","SDN","Europe, Middle East & North Africa",50,19.3458970421659,2.39435855615184,39.1037879590635,0.0781393457900618,0.00185581639980438
"country_growth_since_emergence_pct","SURINAME","SUR","South America",50,-8.28413528825692,-13.4081247919102,-2.85693871846197,0.0293318550871707,0
"country_growth_since_emergence_pct","TAIWAN","TWN","East & Southeast Asia",50,9.9311675271019,-0.678270005356452,21.6738934624224,0.0517815848130291,0
"country_growth_since_emergence_pct","THAILAND","THA","East & Southeast Asia",50,0.298151278474368,-1.54982307157259,2.18081331832523,0.00948826652007246,0
"country_growth_since_emergence_pct","TIMOR-LESTE","TLS","East & Southeast Asia",50,9.9881616582784,2.38432461365177,18.1567173550954,0.0364953839809151,0.00199990665244879
"country_growth_since_emergence_pct","TOKELAU","TKL","Pacific Islands",50,-1.02128515037546,-11.2366085710053,10.3696674447158,0.0437793120543777,0.0335895806346532
"country_growth_since_emergence_pct","TONGA","TON","Pacific Islands",50,4.40205992952152,-3.69218977757254,13.1765958789201,0.0400377249389555,0.00949974084074718
"country_growth_since_emergence_pct","TRINIDAD AND TOBAGO","TTO","Caribbean",50,-3.28682781747544,-7.29517914720025,0.894835754640932,0.0215968938195023,0
"country_growth_since_emergence_pct","TURKS AND CAICOS ISLANDS","TCA","Caribbean",50,6.30619749466184,-5.35789749421732,19.4078251281828,0.0592975948747029,0
"country_growth_since_emergence_pct","TUVALU","TUV","Pacific Islands",50,1.81487689198969,-8.11672536384394,12.8199794530602,0.0509694386636573,0.0118831504649539
"country_growth_since_emergence_pct","UNITED STATES OF AMERICA","USA","North & Central America",50,15.8665128159379,9.54236064662013,22.5557739752811,0.0286369788790543,0
"country_growth_since_emergence_pct","URUGUAY","URY","South America",50,-11.4099826289342,-43.9945480241422,40.1326281803573,0.233968655249203,0
"country_growth_since_emergence_pct","VANUATU","VUT","Pacific Islands",50,3.17310409666607,-4.17965777797403,11.0900792263568,0.0374265870261318,0.00466117532069304
"country_growth_since_emergence_pct","VENEZUELA","VEN","South America",50,-0.327390334956346,-3.05549714722873,2.47748789354032,0.0136315030851036,0.003786278355886
"country_growth_since_emergence_pct","VIET NAM","VNM","East & Southeast Asia",50,2.36544883092733,0.247773194211476,4.52785912816929,0.0106640363924943,0.00018653329206312
"country_growth_since_emergence_pct","VIRGIN ISLANDS (UK)","VGB","Caribbean",50,1.63452846688037,-9.74616221415291,14.4502841108539,0.0605915237266398,0
"country_growth_since_emergence_pct","VIRGIN ISLANDS (US)","VIR","Caribbean",50,-5.17628861861548,-16.1463667717454,7.22894040458111,0.0627290509365366,0
"country_growth_since_emergence_pct","WALLIS AND FUTUNA","WLF","Pacific Islands",50,4.67125128221466,-5.62620932649477,16.09230451374,0.0527396950531248,0.00319395208292966
"country_growth_since_emergence_pct","YEMEN","YEM","Europe, Middle East & North Africa",50,-2.00863957675864,-20.3984097877966,20.6295840572981,0.106045436617924,3.11578377747072e-05
"country_growth_since_emergence_min3_pct","AFGHANISTAN","AFG","South Asia",50,115.3743520989,62.2084240005604,185.966107049166,0.144643275394561,0
"country_growth_since_emergence_min3_pct","AMERICAN SAMOA","ASM","Pacific Islands",50,-3.6295004401606,-11.0333552157667,4.39050734055448,0.0368831425117317,0.0171619642822166
"country_growth_since_emergence_min3_pct","ANGOLA","AGO","Sub-Saharan Africa",50,-36.7108304343005,-58.1264756284779,-4.34244443393472,0.210749008770503,0
"country_growth_since_emergence_min3_pct","ANGUILLA","AIA","Caribbean",50,2.83799168710794,-3.79509076589531,9.92840821150745,0.0340182096736456,0
"country_growth_since_emergence_min3_pct","ANTIGUA AND BARBUDA","ATG","Caribbean",50,17.2198143216452,4.30305557694768,31.7361681649315,0.0595675585544291,0
"country_growth_since_emergence_min3_pct","ARGENTINA","ARG","South America",50,50.0287186903023,15.360528901899,95.1154059894687,0.134065971343274,0
"country_growth_since_emergence_min3_pct","ARUBA","ABW","Caribbean",50,3.04798636391983,-5.27313407637225,12.1000614780177,0.0429584994402922,0
"country_growth_since_emergence_min3_pct","AUSTRALIA","AUS","Pacific Islands",50,4.06724474954712,1.33851007028414,6.86945586876018,0.0135567678195105,0
"country_growth_since_emergence_min3_pct","BAHAMAS","BHS","Caribbean",50,2.81829927357549,-13.273437937957,21.895788489203,0.086839933109291,0
"country_growth_since_emergence_min3_pct","BANGLADESH","BGD","South Asia",50,36.1785239237371,14.45230670926,62.0289788056097,0.0886794355824889,0
"country_growth_since_emergence_min3_pct","BARBADOS","BRB","Caribbean",50,3.48382407192087,-0.271652352130403,7.38072069899609,0.0188602166169715,0
"country_growth_since_emergence_min3_pct","BELIZE","BLZ","North & Central America",50,11.2345797375847,5.8702935426505,16.8706661270615,0.0252181181422475,0
"country_growth_since_emergence_min3_pct","BENIN","BEN","Sub-Saharan Africa",50,22.6747618004147,-43.4509649983898,166.124739040374,0.395123843330688,0
"country_growth_since_emergence_min3_pct","BERMUDA","BMU","Caribbean",50,0.878681463740638,-6.02308469473318,8.28732078304895,0.0361585475731738,0
"country_growth_since_emergence_min3_pct","BHUTAN","BTN","South Asia",50,-1.16367913179157,-13.8853289925971,13.4373296499465,0.070299947608603,0
"country_growth_since_emergence_min3_pct","BOLIVIA","BOL","South America",50,3.32733262935949,-1.42204781380237,8.30553314936044,0.0240077410718073,0
"country_growth_since_emergence_min3_pct","BONAIRE, SAINT EUSTATIUS AND SABA","BES","Caribbean",50,-23.6847151162323,-36.0917606322923,-8.86898521204685,0.0905245969288456,0
"country_growth_since_emergence_min3_pct","BRAZIL","BRA","South America",50,12.9340555161428,9.05904664475603,16.946748460656,0.0178139094608837,0
"country_growth_since_emergence_min3_pct","BRUNEI DARUSSALAM","BRN","East & Southeast Asia",50,6.92331817634784,-1.93621543564434,16.5832628286717,0.042643154710824,0.0112295449146322
"country_growth_since_emergence_min3_pct","BURKINA FASO","BFA","Sub-Saharan Africa",50,79.6051952034976,4.94063318292617,207.393096131374,0.274171512440748,0
"country_growth_since_emergence_min3_pct","CABO VERDE","CPV","Sub-Saharan Africa",50,3.5341510463303,-23.1230971482181,39.4348632065876,0.151855815844992,0.00312100447338217
"country_growth_since_emergence_min3_pct","CAMBODIA","KHM","East & Southeast Asia",50,2.32875445471745,-0.470422362637657,5.20665551707407,0.014151115857883,4.9499929775443e-05
"country_growth_since_emergence_min3_pct","CAMEROON","CMR","Sub-Saharan Africa",50,-23.2772102062704,-43.5251951784835,4.23031106236158,0.156331539414052,0
"country_growth_since_emergence_min3_pct","CAYMAN ISLANDS","CYM","Caribbean",50,7.70829677995575,0.330486389942442,15.6286350506716,0.0362032246272827,0
"country_growth_since_emergence_min3_pct","CHILE","CHL","South America",50,-11.7703696136341,-23.8015290881739,2.16041850921946,0.0747980358100535,0
"country_growth_since_emergence_min3_pct","CHINA","CHN","East & Southeast Asia",50,10.8055828910289,2.42030340535204,19.8773757897214,0.0401496308550732,0.000120463775537543
"country_growth_since_emergence_min3_pct","COLOMBIA","COL","South America",50,4.49919464250392,2.1997803242461,6.85034396635795,0.0113521658980966,0
"country_growth_since_emergence_min3_pct","COOK ISLANDS","COK","Pacific Islands",50,-3.7123692107335,-9.57227004553731,2.52726511744703,0.0318083581005952,0.0037712688815127
"country_growth_since_emergence_min3_pct","COSTA RICA","CRI","North & Central America",50,1.62015062904175,-1.82411567648331,5.18525078765728,0.0175927928605714,0
"country_growth_since_emergence_min3_pct","COTE D'IVOIRE","CIV","Sub-Saharan Africa",50,35.3473103995167,5.18269408948324,74.1626280916372,0.128647957046867,0
"country_growth_since_emergence_min3_pct","CUBA","CUB","Caribbean",50,-0.893184974907846,-8.45701883361865,7.29561850914426,0.0405056456442322,0
"country_growth_since_emergence_min3_pct","CURACAO","CUW","Caribbean",50,-0.416003413238797,-11.4814910695098,12.0327544601936,0.0600979432098887,0
"country_growth_since_emergence_min3_pct","DOMINICA","DMA","Caribbean",50,8.3016531920104,1.12664398445996,15.9857345401962,0.0349734929629258,0
"country_growth_since_emergence_min3_pct","DOMINICAN REPUBLIC","DOM","Caribbean",50,6.94192024734637,3.88807117577403,10.0855389531644,0.0147818040022207,4.39831546686977e-06
"country_growth_since_emergence_min3_pct","ECUADOR","ECU","South America",50,4.82468032404932,2.14724305154899,7.57229736972822,0.0132012179599487,0
"country_growth_since_emergence_min3_pct","EGYPT","EGY","Europe, Middle East & North Africa",50,5.10655708305026,-31.2819632205332,60.7640273150746,0.21682181887733,0
"country_growth_since_emergence_min3_pct","EL SALVADOR","SLV","North & Central America",50,3.82934518012472,0.542954070748314,7.22315671118667,0.0164103014229044,0
"country_growth_since_emergence_min3_pct","ERITREA","ERI","Sub-Saharan Africa",50,-4.35411885815704,-13.3583787264975,5.58591177006653,0.050445987116647,0
"country_growth_since_emergence_min3_pct","ETHIOPIA","ETH","Sub-Saharan Africa",50,14.0635619907235,-23.4202721164846,69.89478199507,0.193991024710548,0.0600204149801237
"country_growth_since_emergence_min3_pct","FIJI","FJI","Pacific Islands",50,7.33600036759749,-1.70390410244168,17.2072692176889,0.0431876513125726,0.0120966502963553
"country_growth_since_emergence_min3_pct","FRANCE","FRA","Europe, Middle East & North Africa",50,49.1259745144406,30.2963722412989,70.6767110422498,0.0688684966599653,0
"country_growth_since_emergence_min3_pct","FRENCH GUIANA","GUF","South America",50,2.48231233933094,-2.96538524320741,8.23585345023467,0.0278691106399554,0
"country_growth_since_emergence_min3_pct","FRENCH POLYNESIA","PYF","Pacific Islands",50,-3.21583246974902,-13.7510566426579,8.60625904382508,0.054882457612206,0.0208293174799739
"country_growth_since_emergence_min3_pct","GABON","GAB","Sub-Saharan Africa",50,-31.4187488075988,-53.471974765721,1.08720478534416,0.197735105768067,0.00901524310496622
"country_growth_since_emergence_min3_pct","GHANA","GHA","Sub-Saharan Africa",50,139.098770956051,-61.7595393521265,1394.96688335195,0.935212388735306,0
"country_growth_since_emergence_min3_pct","GRENADA","GRD","Caribbean",50,14.3337541606529,10.2119615609648,18.6096967636093,0.0187332035421938,0
"country_growth_since_emergence_min3_pct","GUADELOUPE","GLP","Caribbean",50,8.12141362116929,-2.39017091734176,19.7649887650188,0.0521828975045758,0
"country_growth_since_emergence_min3_pct","GUAM","GUM","Pacific Islands",50,12.4850596483501,-66.0140007443233,272.29709060208,0.609978005848512,0.0285682781709931
"country_growth_since_emergence_min3_pct","GUATEMALA","GTM","North & Central America",50,10.5569824014677,5.07905938145552,16.3204774544788,0.0259280542695115,0
"country_growth_since_emergence_min3_pct","GUYANA","GUY","South America",50,49.901839856961,28.524903452252,74.8343005046485,0.078500418068607,0
"country_growth_since_emergence_min3_pct","HAITI","HTI","Caribbean",50,25.8985087463149,-5.60056199472411,67.9081447885323,0.146911360976172,0
"country_growth_since_emergence_min3_pct","HONDURAS","HND","North & Central America",50,5.11303989049485,1.71921652240234,8.62009689769305,0.0167452583251395,0
"country_growth_since_emergence_min3_pct","HONG KONG","HKG","East & Southeast Asia",50,-0.603880881557406,-13.7614413905127,14.5611505468825,0.0724481049841851,0
"country_growth_since_emergence_min3_pct","INDIA","IND","South Asia",50,13.0454598837854,6.07385550921904,20.4752663980039,0.0231758191071824,0.022260682308195
"country_growth_since_emergence_min3_pct","INDONESIA","IDN","East & Southeast Asia",50,3.71957738688369,2.04166764017968,5.42507763836082,0.00832140288730876,0
"country_growth_since_emergence_min3_pct","ITALY","ITA","Europe, Middle East & North Africa",50,236.483831233088,52.8906765922694,640.538083844296,0.402470132313191,0
"country_growth_since_emergence_min3_pct","JAMAICA","JAM","Caribbean",50,9.25943268710989,3.23430799223539,15.6362052817457,0.0289413129502872,0
"country_growth_since_emergence_min3_pct","KENYA","KEN","Sub-Saharan Africa",50,19.165513309134,-0.760812231750885,43.0928636315654,0.0933590729561587,0
"country_growth_since_emergence_min3_pct","KIRIBATI","KIR","Pacific Islands",50,7.84767676079607,-1.45452594606296,18.0279611454817,0.0459317377432256,0.00285441244363492
"country_growth_since_emergence_min3_pct","LAO PEOPLE'S DEMOCRATIC REPUBLIC","LAO","East & Southeast Asia",50,4.90058725359459,1.46803839533984,8.44925535344143,0.0169739967157604,0.000119086896638456
"country_growth_since_emergence_min3_pct","MACAU","MAC","East & Southeast Asia",50,-38.3832965882163,-91.3801855829478,340.452422249953,1.00352325526362,0
"country_growth_since_emergence_min3_pct","MADAGASCAR","MDG","Sub-Saharan Africa",23,-95.3191765089097,-100,Inf,3307665.32460776,0.277301794975499
"country_growth_since_emergence_min3_pct","MALAYSIA","MYS","East & Southeast Asia",50,5.9659157108265,4.19884473157315,7.76295381547132,0.0085798167410207,5.22837053657325e-05
"country_growth_since_emergence_min3_pct","MALDIVES","MDV","South Asia",50,4.28810655516867,0.536753050731753,8.17943526954845,0.0183248170016814,0.00364259946143998
"country_growth_since_emergence_min3_pct","MALI","MLI","Sub-Saharan Africa",50,154.667146541397,-99.6748257705901,199348.017898688,3.39973162118627,0
"country_growth_since_emergence_min3_pct","MARSHALL ISLANDS","MHL","Pacific Islands",50,15.9168465797855,3.25036829504386,30.1372144514327,0.0585150928934959,0.00777457763492011
"country_growth_since_emergence_min3_pct","MARTINIQUE","MTQ","Caribbean",50,8.83246798559454,0.680685541816173,17.6442733190968,0.039723040904327,0
"country_growth_since_emergence_min3_pct","MAURITANIA","MRT","Sub-Saharan Africa",50,94.6787352554905,11.4248671387681,240.1378070613,0.284699191600473,0
"country_growth_since_emergence_min3_pct","MAURITIUS","MUS","Sub-Saharan Africa",50,232.316631745652,-100,3.07652959212974e+55,62.2255791729298,0
"country_growth_since_emergence_min3_pct","MAYOTTE","MYT","Sub-Saharan Africa",50,10.1334909807387,-24.5118999474639,60.6794425500574,0.192716802263944,0.000177878305635182
"country_growth_since_emergence_min3_pct","MEXICO","MEX","North & Central America",50,8.99566964597507,5.56436643427496,12.5385052064053,0.0163203397696476,0
"country_growth_since_emergence_min3_pct","MICRONESIA (FEDERATED STATES OF)","FSM","Pacific Islands",50,15.5113477446291,1.99637249994453,30.8171176164905,0.0628401278057836,0.00894372472190834
"country_growth_since_emergence_min3_pct","MONTSERRAT","MSR","Caribbean",50,-4.10678330965002,-11.7598153783357,4.20999283544987,0.0420787697257356,0.00543728483178632
"country_growth_since_emergence_min3_pct","MYANMAR","MMR","East & Southeast Asia",50,2.85774448494185,0.786637536785939,4.97141147970248,0.0103783179316583,0
"country_growth_since_emergence_min3_pct","NAURU","NRU","Pacific Islands",50,3.15980976926407,-14.4311339357214,24.3670372310018,0.0920077269813015,0.0248793244658294
"country_growth_since_emergence_min3_pct","NEPAL","NPL","South Asia",50,55.2079469820848,31.8993514122201,82.6355213158526,0.0830253362107935,0
"country_growth_since_emergence_min3_pct","NEW CALEDONIA","NCL","Pacific Islands",50,0.769167245237434,-5.16460024116316,7.07420534021039,0.0309644287877881,0.00012549241661831
"country_growth_since_emergence_min3_pct","NICARAGUA","NIC","North & Central America",50,10.3019981517865,7.27838083884293,13.4108354464603,0.0141813288969853,5.06298469472114e-06
"country_growth_since_emergence_min3_pct","NIGER","NER","Sub-Saharan Africa",50,50.8729696424767,-83.5179788560185,1281.05956605035,1.12969834159329,0
"country_growth_since_emergence_min3_pct","NIGERIA","NGA","Sub-Saharan Africa",50,-31.0779766387698,-52.628269561453,0.275950661507429,0.191304598334119,0
"country_growth_since_emergence_min3_pct","NIUE","NIU","Pacific Islands",50,7.19450503663086,-7.79028584584754,24.6144401970345,0.0765553699937617,0.00639811183349451
"country_growth_since_emergence_min3_pct","NORTHERN MARIANA ISLANDS","MNP","Pacific Islands",50,1.63345676173134,-13.528630100745,19.4540984533161,0.0823182716335078,0.00424364604419374
"country_growth_since_emergence_min3_pct","OMAN","OMN","Europe, Middle East & North Africa",50,39.0023580829379,-18.7813376110947,137.896746687331,0.274161080874375,0
"country_growth_since_emergence_min3_pct","PAKISTAN","PAK","South Asia",50,20.9225108546778,10.9080457162888,31.8412342131111,0.0441071845994794,0
"country_growth_since_emergence_min3_pct","PALAU","PLW","Pacific Islands",50,1.07778638319374,-6.49935269536083,9.26896438309073,0.0392941446021028,0.00598501228815932
"country_growth_since_emergence_min3_pct","PANAMA","PAN","North & Central America",50,5.57055277559535,0.129398762419486,11.3073857538007,0.0269985251211695,7.5093900871531e-06
"country_growth_since_emergence_min3_pct","PAPUA NEW GUINEA","PNG","Pacific Islands",50,-14.3089723420372,-28.3381553644373,2.46669281847864,0.0911998297012202,0.00194103836502776
"country_growth_since_emergence_min3_pct","PARAGUAY","PRY","South America",50,13.2291291822177,4.98610562831527,22.1193568294957,0.0385647104447086,0
"country_growth_since_emergence_min3_pct","PERU","PER","South America",50,17.1029497468759,12.0471599213918,22.3868668250042,0.0225175601286472,0
"country_growth_since_emergence_min3_pct","PHILIPPINES","PHL","East & Southeast Asia",50,8.2971332324983,5.44504037989075,11.2263699091358,0.0126486279974141,0.00497683812921353
"country_growth_since_emergence_min3_pct","PUERTO RICO","PRI","Caribbean",50,-3.62361256194874,-6.59382403818284,-0.558951697087939,0.0159716002101323,0
"country_growth_since_emergence_min3_pct","REUNION","REU","Sub-Saharan Africa",50,22.7192793641138,4.48658453301349,44.1335420710307,0.081902825345395,0.00507584578652119
"country_growth_since_emergence_min3_pct","SAINT BARTHELEMY","BLM","Caribbean",50,0.205883525437733,-14.3878421605617,17.2873029546276,0.0803073944676521,0
"country_growth_since_emergence_min3_pct","SAINT KITTS AND NEVIS","KNA","Caribbean",50,11.6954710667059,5.22119453124525,18.5681108487001,0.0304655653246947,0
"country_growth_since_emergence_min3_pct","SAINT LUCIA","LCA","Caribbean",50,8.4433563911481,1.37574963499065,16.0036950426507,0.034385360750708,0
"country_growth_since_emergence_min3_pct","SAINT MARTIN","MAF","Caribbean",50,-0.692929995585512,-13.4618604491713,13.9600897829475,0.0702214589713656,0
"country_growth_since_emergence_min3_pct","SAINT VINCENT AND THE GRENADINES","VCT","Caribbean",50,11.6763060043921,3.16681877070462,20.8876795019299,0.0404381328820074,0
"country_growth_since_emergence_min3_pct","SAMOA","WSM","Pacific Islands",50,21.9072538835516,0.928787246277851,47.2461817376765,0.0922911679886266,0.0273474659395298
"country_growth_since_emergence_min3_pct","SAO TOME AND PRINCIPE","STP","Sub-Saharan Africa",50,-29.3761304976654,-93.6269485583764,682.628382835095,1.22575763509659,0.0591208757694496
"country_growth_since_emergence_min3_pct","SAUDI ARABIA","SAU","Europe, Middle East & North Africa",50,11.0280554050058,7.16294385141445,15.0325723051172,0.0177080840725467,0.00359938562442029
"country_growth_since_emergence_min3_pct","SENEGAL","SEN","Sub-Saharan Africa",50,14.9241523255315,0.255286257223042,31.7392955604914,0.0696709589092814,0
"country_growth_since_emergence_min3_pct","SEYCHELLES","SYC","Sub-Saharan Africa",50,2.4487902164128,-27.0344211485766,43.845286805421,0.155761429553755,0.074541300458155
"country_growth_since_emergence_min3_pct","SINGAPORE","SGP","East & Southeast Asia",50,5.19806530425937,2.52038243300896,7.94568534691735,0.0131549752338115,0
"country_growth_since_emergence_min3_pct","SINT MAARTEN","SXM","Caribbean",50,-13.9520846467913,-30.8755536135438,7.11469130961027,0.111734627351752,0
"country_growth_since_emergence_min3_pct","SOLOMON ISLANDS","SLB","Pacific Islands",50,10.4748843006403,-0.518113573339796,22.6826360016542,0.0532898508776121,0.00442299578129567
"country_growth_since_emergence_min3_pct","SPAIN","ESP","Europe, Middle East & North Africa",50,20.7312840615794,-17.1626345768327,75.9597601480608,0.192191312313003,0
"country_growth_since_emergence_min3_pct","SRI LANKA","LKA","South Asia",50,10.9243198245552,7.20523362268501,14.7724258672441,0.017399858932713,0
"country_growth_since_emergence_min3_pct","SUDAN","SDN","Europe, Middle East & North Africa",50,19.3458970421659,2.39435855615184,39.1037879590635,0.0781393457900618,0.00185581639980438
"country_growth_since_emergence_min3_pct","SURINAME","SUR","South America",50,-8.28413528825692,-13.4081247919102,-2.85693871846197,0.0293318550871707,0
"country_growth_since_emergence_min3_pct","TAIWAN","TWN","East & Southeast Asia",50,9.9311675271019,-0.678270005356452,21.6738934624224,0.0517815848130291,0
"country_growth_since_emergence_min3_pct","THAILAND","THA","East & Southeast Asia",50,0.298151278474368,-1.54982307157259,2.18081331832523,0.00948826652007246,0
"country_growth_since_emergence_min3_pct","TIMOR-LESTE","TLS","East & Southeast Asia",50,9.9881616582784,2.38432461365177,18.1567173550954,0.0364953839809151,0.00199990665244879
"country_growth_since_emergence_min3_pct","TOKELAU","TKL","Pacific Islands",50,-1.02128515037546,-11.2366085710053,10.3696674447158,0.0437793120543777,0.0335895806346532
"country_growth_since_emergence_min3_pct","TONGA","TON","Pacific Islands",50,4.40205992952152,-3.69218977757254,13.1765958789201,0.0400377249389555,0.00949974084074718
"country_growth_since_emergence_min3_pct","TRINIDAD AND TOBAGO","TTO","Caribbean",50,-3.28682781747544,-7.29517914720025,0.894835754640932,0.0215968938195023,0
"country_growth_since_emergence_min3_pct","TURKS AND CAICOS ISLANDS","TCA","Caribbean",50,6.30619749466184,-5.35789749421732,19.4078251281828,0.0592975948747029,0
"country_growth_since_emergence_min3_pct","TUVALU","TUV","Pacific Islands",50,1.81487689198969,-8.11672536384394,12.8199794530602,0.0509694386636573,0.0118831504649539
"country_growth_since_emergence_min3_pct","UNITED REPUBLIC OF TANZANIA","TZA","Sub-Saharan Africa",50,-9.83587039015434,-42.2800261567431,40.8450095694348,0.227569687293912,0
"country_growth_since_emergence_min3_pct","UNITED STATES OF AMERICA","USA","North & Central America",50,15.8665128159379,9.54236064662013,22.5557739752811,0.0286369788790543,0
"country_growth_since_emergence_min3_pct","URUGUAY","URY","South America",50,-11.4099826289342,-43.9945480241422,40.1326281803573,0.233968655249203,0
"country_growth_since_emergence_min3_pct","VANUATU","VUT","Pacific Islands",50,3.17310409666607,-4.17965777797403,11.0900792263568,0.0374265870261318,0.00466117532069304
"country_growth_since_emergence_min3_pct","VENEZUELA","VEN","South America",50,-0.327390334956346,-3.05549714722873,2.47748789354032,0.0136315030851036,0.003786278355886
"country_growth_since_emergence_min3_pct","VIET NAM","VNM","East & Southeast Asia",50,2.36544883092733,0.247773194211476,4.52785912816929,0.0106640363924943,0.00018653329206312
"country_growth_since_emergence_min3_pct","VIRGIN ISLANDS (UK)","VGB","Caribbean",50,1.63452846688037,-9.74616221415291,14.4502841108539,0.0605915237266398,0
"country_growth_since_emergence_min3_pct","VIRGIN ISLANDS (US)","VIR","Caribbean",50,-5.17628861861548,-16.1463667717454,7.22894040458111,0.0627290509365366,0
"country_growth_since_emergence_min3_pct","WALLIS AND FUTUNA","WLF","Pacific Islands",50,4.67125128221466,-5.62620932649477,16.09230451374,0.0527396950531248,0.00319395208292966
"country_growth_since_emergence_min3_pct","YEMEN","YEM","Europe, Middle East & North Africa",50,-2.00863957675864,-20.3984097877966,20.6295840572981,0.106045436617924,3.11578377747072e-05
