"threshold","variant","Cycle","Pair_Type","Weighting","N_pairs","Start_Year","End_Year","Sync_Start","Sync_End","Pct_Change_Per_Year","CI_Lower","CI_Upper","Trend_P","Interaction_P","Diff_vs_Americas","Diff_CI_Lower","Diff_CI_Upper","Pct_Change_Cum","Cum_CI_Lower","Cum_CI_Upper","m","Within_SD_logitslope","Between_SD_logitslope","FMI","N_Inc","N_Tot","Pct_Inc"
"none","per_threshold","Annual","Global","pairs",1035,1992,2022,0.148399710759296,0.196613237488784,1.08296542454612,0.610094308518341,1.63012303196621,4.51561632033848e-06,NA,NA,NA,NA,32.4889627363835,18.3028292555502,48.9036909589862,50,0.00146426736696921,0.00183489161350794,0.615635418303571,30,1035,2.89855072463768
"none","per_threshold","Annual","Within Americas","pairs",300,1992,2022,0.151391371694937,0.196973450302133,1.00362563812524,0.271308734976879,1.88482907049834,0.00648084076932027,NA,NA,NA,NA,30.1087691437572,8.13926204930636,56.5448721149503,50,0.00271975592301954,0.00270707640303833,0.502614179195455,7,300,2.33333333333333
"none","per_threshold","Annual","Within Asia","pairs",210,1992,2022,0.154310173235573,0.210716879213731,1.21847023639516,0.340170238135912,2.35683277863567,0.0054731974384612,0.725946470469256,0.214844598269915,-1.01415578961541,1.49784873634712,36.5541070918547,10.2051071440774,70.70498335907,50,0.00325073008959959,0.00310913371216509,0.48268983968464,9,210,4.28571428571429
"none","per_threshold","Annual","Americas-Asia","pairs",525,1992,2022,0.144326005234133,0.190765944905464,1.07257038434142,0.487648099697985,1.77804868988346,0.000162997792830297,0.897154152263236,0.0689447462161825,-0.841267652558882,0.956131081759175,32.1771115302427,14.6294429909396,53.3414606965039,50,0.0020559422283156,0.00202895863371223,0.498344875360181,14,525,2.66666666666667
"none","per_threshold","Multiannual","Global","pairs",990,1992,2022,0.167830971673747,0.28074892937094,2.24269208817823,1.6277208399095,2.89539151846645,4.42796265055025e-16,NA,NA,NA,NA,67.280762645347,48.8316251972849,86.8617455539934,50,0.00178943439460094,0.00169738421789665,0.478558205905813,106,990,10.7070707070707
"none","per_threshold","Multiannual","Within Americas","pairs",300,1992,2022,0.169957081270173,0.328452700264248,3.10854202738635,2.02554954887566,4.42448699873124,3.84528813203009e-12,NA,NA,NA,NA,93.2562608215906,60.7664864662697,132.734609961937,50,0.00325066900706861,0.00238972423459077,0.355359448872044,39,300,13
"none","per_threshold","Multiannual","Within Asia","pairs",190,1992,2022,0.180603124307575,0.290301408806237,2.02466568466522,0.902980904365657,3.4887859698217,9.82239075992464e-05,0.210052035515541,-1.08387634272114,-2.84919766325728,0.769754656256053,60.7399705399565,27.0894271309697,104.663579094651,50,0.00408466625452019,0.00322753731723021,0.389066315746049,18,190,9.47368421052632
"none","per_threshold","Multiannual","Americas-Asia","pairs",500,1992,2022,0.161701887915037,0.248496724649543,1.7891944625926,1.02886313168887,2.66280734390743,3.38142383285315e-07,0.0350937024035125,-1.31934756479375,-2.84135718235516,0.0849497947054984,53.6758338777781,30.8658939506662,79.8842203172228,50,0.00251795738568193,0.00229246392202618,0.45813846845638,49,500,9.8
"20%","per_threshold","Annual","Global","pairs",962,1992,2022,0.129562859900304,0.189754761544643,1.54858940519055,0.631808204402451,2.59892142917262,0.000144291021764167,NA,NA,NA,NA,46.4576821557164,18.9542461320735,77.9676428751787,50,0.00321216321659332,0.0023554169032436,0.354194744200075,17,149,11.4093959731544
"20%","per_threshold","Annual","Within Americas","pairs",281,1992,2022,0.138608679811465,0.195359029664463,1.36476181073673,-0.165567776175496,3.60957169639926,0.0842681617509348,NA,NA,NA,NA,40.942854322102,-4.96703328526488,108.287150891978,50,0.0067256879095598,0.00415833512381416,0.280529582171139,1,11,9.09090909090909
"20%","per_threshold","Annual","Within Asia","pairs",189,1992,2022,0.154399395565809,0.190810395094134,0.786078196634001,-0.379929090515823,2.41510527400242,0.21065768850047,0.62152921997318,-0.578683614102733,-3.1315575816999,1.70246045749466,23.58234589902,-11.3978727154747,72.4531582200725,50,0.00588805272053507,0.00337761172027675,0.251296353258259,10,82,12.1951219512195
"20%","per_threshold","Annual","Americas-Asia","pairs",492,1992,2022,0.114855582185229,0.186148432108621,2.06905775545784,0.771682338246768,3.81843262148012,0.000398393270698976,0.569648477109445,0.704295944721103,-1.75303174047716,2.92784300540069,62.0717326637351,23.150470147403,114.552978644404,50,0.00440369093950428,0.0029208547740037,0.309740910751422,6,56,10.7142857142857
"20%","per_threshold","Multiannual","Global","pairs",795,1992,2022,0.0654884793282129,0.291990294594193,11.52883772278,7.58888954439403,16.3795818669705,4.22879768193987e-21,NA,NA,NA,NA,345.8651316834,227.666686331821,491.387456009114,50,0.00437662489942977,0.00396898794313468,0.456180006889859,30,110,27.2727272727273
"20%","per_threshold","Multiannual","Within Americas","pairs",221,1992,2022,0.0348830675060257,0.322695389007531,27.5025814412479,12.1877259724299,57.0229960385194,1.07410066660757e-11,NA,NA,NA,NA,825.077443237436,365.631779172896,1710.68988115558,50,0.00932765788284862,0.00769421279610739,0.409694520403676,0,11,0
"20%","per_threshold","Multiannual","Within Asia","pairs",167,1992,2022,0.112830253141553,0.309591355588202,5.81289435437137,2.66007979150046,11.0282332063262,1.42894633873054e-06,0.00315054597041079,-21.6896870868765,-51.2825213425282,-5.58617012571556,174.386830631141,79.8023937450138,330.846996189787,50,0.00740389783817566,0.00440398007911813,0.265184590138154,13,55,23.6363636363636
"20%","per_threshold","Multiannual","Americas-Asia","pairs",407,1992,2022,0.0626818940355238,0.268095446802185,10.9235984823223,6.18148634992896,18.2612851658544,1.43685776332839e-12,0.0292524519720308,-16.5789829589255,-45.8111637829147,-0.189415969731581,327.70795446967,185.444590497869,547.838554975631,50,0.00601682236237141,0.00474688018714713,0.388329218012971,17,44,38.6363636363636
"30%","per_threshold","Annual","Global","pairs",1022,1992,2022,0.116608038323913,0.184984988291496,1.95460938915281,1.00736069840066,3.04293791126558,8.17385317657003e-07,NA,NA,NA,NA,58.6382816745842,30.2208209520199,91.2881373379674,50,0.00307325772066981,0.00202052046545311,0.305983746553533,18,201,8.95522388059701
"30%","per_threshold","Annual","Within Americas","pairs",300,1992,2022,0.13822152074379,0.192281754745763,1.30371000866501,-0.0804620750315362,3.37557141226581,0.0703457794421422,NA,NA,NA,NA,39.1113002599504,-2.41386225094609,101.267142367974,50,0.00622747260651944,0.0036998966208053,0.264729724864992,1,15,6.66666666666667
"30%","per_threshold","Annual","Within Asia","pairs",204,1992,2022,0.126903761098136,0.183417561473445,1.48442672584534,0.117796879651514,3.44603374303558,0.0304732949572967,0.891664967632148,0.18071671718033,-2.27621568937975,2.64493924712841,44.5328017753603,3.53390638954542,103.381012291067,50,0.00590418633066213,0.00312588619201239,0.222339420989002,10,117,8.54700854700855
"30%","per_threshold","Annual","Americas-Asia","pairs",518,1992,2022,0.100035891273904,0.181376349555207,2.71037582096702,1.31994844064384,4.63506419865143,9.42776277329375e-06,0.267668023867772,1.40666581230201,-1.01893228671889,3.71676610503912,81.3112746290106,39.5984532193151,139.051925959543,50,0.00425878515286489,0.00284419856452084,0.312683668346946,7,69,10.1449275362319
"30%","per_threshold","Multiannual","Global","pairs",875,1992,2022,0.0852129985880947,0.279624792149626,7.60493495838922,5.26055198125109,10.3346876181702,3.30104901248853e-22,NA,NA,NA,NA,228.148048751677,157.816559437533,310.040628545107,50,0.00377654221800534,0.00284415251794695,0.366494593755149,34,121,28.099173553719
"30%","per_threshold","Multiannual","Within Americas","pairs",274,1992,2022,0.0583099134104366,0.295284736262947,13.5468573004887,7.31179182119424,23.7496133368147,1.02866848285071e-12,NA,NA,NA,NA,406.40571901466,219.353754635827,712.48840010444,50,0.00756225184814172,0.00442704513966452,0.25901955174458,2,11,18.1818181818182
"30%","per_threshold","Multiannual","Within Asia","pairs",167,1992,2022,0.140184873486696,0.291189260407069,3.59060106758959,1.40084275695374,6.84203839149755,0.000116473276959025,0.00535561854671797,-9.9562562328991,-19.9690804446265,-2.98437395801711,107.718032027688,42.0252827086122,205.261151744927,50,0.0070031921069262,0.00374865189515931,0.226157460321434,14,62,22.5806451612903
"30%","per_threshold","Multiannual","Americas-Asia","pairs",434,1992,2022,0.0810451235434215,0.265288177204827,7.57779722398284,4.59701366016114,11.8022051501433,4.61122353181335e-13,0.101097251496732,-5.96906007650585,-15.9595033372014,1.13829331325641,227.333916719485,137.910409804834,354.066154504299,50,0.00518448642287596,0.00355753686929371,0.324448601003434,18,48,37.5
"50%","per_threshold","Annual","Global","pairs",1033,1992,2022,0.150897038924185,0.193331875412691,0.937390527807207,0.292885943205586,1.66286367282721,0.00152627730411703,NA,NA,NA,NA,28.1217158342162,8.78657829616757,49.8859101848164,50,0.00260183676872984,0.00190151884966029,0.352669245526093,18,210,8.57142857142857
"50%","per_threshold","Annual","Within Americas","pairs",300,1992,2022,0.187690882625161,0.18823488142756,0.00966125427067436,-0.851661244986014,1.20554332601694,0.985431680670827,NA,NA,NA,NA,0.289837628120231,-25.5498373495804,36.1662997805082,50,0.00534131073304443,0.00367248582310658,0.325325969847636,1,15,6.66666666666667
"50%","per_threshold","Annual","Within Asia","pairs",209,1992,2022,0.14364441903473,0.208246515882848,1.49912070565717,0.310766732607813,3.14037774221314,0.0103693798854231,0.0853297900983531,1.48945945138649,-0.19353515219431,3.29943220705853,44.973621169715,9.32300197823439,94.2113322663942,50,0.00491756152221802,0.00310199576541304,0.288694795885266,11,121,9.09090909090909
"50%","per_threshold","Annual","Americas-Asia","pairs",524,1992,2022,0.132724604661977,0.190301223384593,1.44601720907366,0.501716494954836,2.60588340485894,0.00120526227056857,0.0700929318084877,1.43635595480299,-0.0579505996426785,2.85593313345529,43.3805162722098,15.0514948486451,78.1765021457682,50,0.00358494859246475,0.00250620843420805,0.332667798057755,6,74,8.10810810810811
"50%","per_threshold","Multiannual","Global","pairs",922,1992,2022,0.125405878981209,0.306982279501024,4.82636598312969,3.5719562253361,6.28545178625321,2.5050015242617e-25,NA,NA,NA,NA,144.790979493891,107.158686760083,188.563553587596,50,0.00287787380430115,0.00186538126733153,0.299984859145642,40,168,23.8095238095238
"50%","per_threshold","Multiannual","Within Americas","pairs",282,1992,2022,0.125590473121465,0.348000650447997,5.90305330753944,3.38168587302943,9.49139992225342,3.38585745997424e-11,NA,NA,NA,NA,177.091599226183,101.450576190883,284.741997667603,50,0.00577649577040454,0.00301426795345315,0.217366807935319,3,11,27.2727272727273
"50%","per_threshold","Multiannual","Within Asia","pairs",171,1992,2022,0.150229873607251,0.304911740825463,3.43211514248268,1.65443897939881,5.94090421985195,4.34216051226605e-06,0.140809679038359,-2.47093816505676,-6.35018189987033,1.03810261940902,102.963454274481,49.6331693819643,178.227126595558,50,0.00551353925540977,0.00346830079185064,0.287556490291681,20,91,21.978021978022
"50%","per_threshold","Multiannual","Americas-Asia","pairs",469,1992,2022,0.116243920284822,0.283073711284552,4.78390011253814,3.1064755949361,6.9708687048902,1.0969531399265e-13,0.379557515788771,-1.1191531950013,-4.99004228350971,2.2619063533032,143.517003376144,93.1942678480829,209.126061146706,50,0.0039472829320754,0.00268314576428912,0.32032632990602,17,66,25.7575757575758
"none","fixed_support","Annual","Global","pairs",962,1992,2022,0.173286164052433,0.187776027863599,0.278727077267443,-0.255627845094394,0.891258665676395,0.283821761520443,NA,NA,NA,NA,8.3618123180233,-7.66883535283182,26.7377599702918,50,0.00247432975459629,0.00190593798406476,0.377026631774664,10,149,6.71140939597315
"none","fixed_support","Annual","Within Americas","pairs",281,1992,2022,0.194108325763219,0.186231943787478,-0.135257498525995,-0.924308259596857,0.92380841549257,0.777691811898619,NA,NA,NA,NA,-4.05772495577985,-27.7292477879057,27.7142524647771,50,0.00523857702202459,0.00297085237650799,0.247014420373108,1,11,9.09090909090909
"none","fixed_support","Annual","Within Asia","pairs",189,1992,2022,0.176233302722141,0.198570522910822,0.422493362371657,-0.428361840512267,1.54105855008573,0.377365170595885,0.409004835056066,0.557750860897652,-0.811358054738687,1.86279794272546,12.6748008711497,-12.850855215368,46.2317565025718,50,0.00440140898285387,0.00332696369634277,0.368204650512508,5,82,6.09756097560976
"none","fixed_support","Annual","Americas-Asia","pairs",492,1992,2022,0.160261699318072,0.184511247500723,0.504373955969833,-0.22756969812513,1.41286715637733,0.183934393256178,0.306559667754,0.639631454495828,-0.60624614815992,1.75682276134808,15.131218679095,-6.82709094375391,42.3860146913198,50,0.00336657522883191,0.00258674949289897,0.375853613718871,4,56,7.14285714285714
"none","fixed_support","Multiannual","Global","pairs",795,1992,2022,0.127382926609528,0.328572622995201,5.26469550618267,3.63164212697564,7.17197264157832,3.12027283530956e-20,NA,NA,NA,NA,157.94086518548,108.949263809269,215.15917924735,50,0.00338049184468663,0.00240303272279372,0.340116150709261,30,110,27.2727272727273
"none","fixed_support","Multiannual","Within Americas","pairs",221,1992,2022,0.126130335365967,0.387428712979092,6.90551237746701,3.42013004325559,12.7592930733778,2.58932111564671e-08,NA,NA,NA,NA,207.16537132401,102.603901297668,382.778792201333,50,0.00709357224582421,0.00496435140228155,0.333141584213854,2,11,18.1818181818182
"none","fixed_support","Multiannual","Within Asia","pairs",167,1992,2022,0.155303519179549,0.321524295871028,3.56765422036377,1.64931252877769,6.31204008535937,7.9325743884843e-06,0.112297950253775,-3.33785815710324,-9.51487039435037,1.14233806907747,107.029626610913,49.4793758633308,189.361202560781,50,0.00585307796999507,0.00379670112250681,0.300300443131788,12,55,21.8181818181818
"none","fixed_support","Multiannual","Americas-Asia","pairs",407,1992,2022,0.116606719498062,0.299505976172835,5.22837956114564,3.17289817127943,7.90536074357286,3.95715085762149e-12,0.324686298470213,-1.67713281632137,-7.74920660840489,2.74823855661935,156.851386834369,95.1869451383831,237.160822307186,50,0.00465231164634647,0.00295341912066727,0.291316488326195,16,44,36.3636363636364
"20%","fixed_support","Annual","Global","pairs",962,1992,2022,0.129562859900304,0.189754761544643,1.54858940519055,0.6467249901371,2.58584898441823,0.000144291021764167,NA,NA,NA,NA,46.4576821557164,19.401749704113,77.5754695325469,50,0.00321216321659332,0.0023554169032436,0.354194744200075,17,149,11.4093959731544
"20%","fixed_support","Annual","Within Americas","pairs",281,1992,2022,0.138608679811465,0.195359029664463,1.36476181073673,-0.151485442088668,3.80540422007369,0.0842681617509348,NA,NA,NA,NA,40.942854322102,-4.54456326266004,114.162126602211,50,0.0067256879095598,0.00415833512381416,0.280529582171139,1,11,9.09090909090909
"20%","fixed_support","Annual","Within Asia","pairs",189,1992,2022,0.154399395565809,0.190810395094134,0.786078196634001,-0.329858979213651,2.45101826563543,0.21065768850047,0.62152921997318,-0.578683614102733,-3.26394500462086,1.64503193805799,23.58234589902,-9.89576937640953,73.5305479690628,50,0.00588805272053507,0.00337761172027675,0.251296353258259,10,82,12.1951219512195
"20%","fixed_support","Annual","Americas-Asia","pairs",492,1992,2022,0.114855582185229,0.186148432108621,2.06905775545784,0.839108099882564,3.7033790797195,0.000398393270698976,0.569648477109445,0.704295944721103,-1.95999610482157,2.82407764284452,62.0717326637351,25.1732429964769,111.101372391585,50,0.00440369093950428,0.0029208547740037,0.309740910751422,6,56,10.7142857142857
"20%","fixed_support","Multiannual","Global","pairs",795,1992,2022,0.0654884793282129,0.291990294594193,11.52883772278,7.72258780627598,16.4357975380745,4.22879768193987e-21,NA,NA,NA,NA,345.8651316834,231.677634188279,493.073926142235,50,0.00437662489942977,0.00396898794313468,0.456180006889859,30,110,27.2727272727273
"20%","fixed_support","Multiannual","Within Americas","pairs",221,1992,2022,0.0348830675060257,0.322695389007531,27.5025814412479,12.4667191446961,56.6101562041236,1.07410066660757e-11,NA,NA,NA,NA,825.077443237436,374.001574340882,1698.30468612371,50,0.00932765788284862,0.00769421279610739,0.409694520403676,0,11,0
"20%","fixed_support","Multiannual","Within Asia","pairs",167,1992,2022,0.112830253141553,0.309591355588202,5.81289435437137,2.67121498738687,10.839741885102,1.42894633873054e-06,0.00315054597041079,-21.6896870868765,-51.1561114789625,-5.7316060308262,174.386830631141,80.1364496216062,325.192256553059,50,0.00740389783817566,0.00440398007911813,0.265184590138154,13,55,23.6363636363636
"20%","fixed_support","Multiannual","Americas-Asia","pairs",407,1992,2022,0.0626818940355238,0.268095446802185,10.9235984823223,6.32837725930812,18.3227601412401,1.43685776332839e-12,0.0292524519720308,-16.5789829589255,-45.6014847350763,-0.499626914336648,327.70795446967,189.851317779244,549.682804237202,50,0.00601682236237141,0.00474688018714713,0.388329218012971,17,44,38.6363636363636
"30%","fixed_support","Annual","Global","pairs",962,1992,2022,0.146609986921582,0.189627968702522,0.978059377904672,0.268130876694181,1.81052015318718,0.00400463446484609,NA,NA,NA,NA,29.3417813371402,8.04392630082543,54.3156045956154,50,0.0028835281954176,0.00217928537228713,0.368133481567498,16,149,10.738255033557
"30%","fixed_support","Annual","Within Americas","pairs",281,1992,2022,0.167349854394841,0.191604047994423,0.483103569411286,-0.600908865708963,2.06531511321921,0.435424157367854,NA,NA,NA,NA,14.4931070823386,-18.0272659712689,61.9594533965764,50,0.00607541956670123,0.00352956483434462,0.256097775305073,1,11,9.09090909090909
"30%","fixed_support","Annual","Within Asia","pairs",189,1992,2022,0.158064223485049,0.196844270573983,0.817812030955914,-0.242361252741596,2.26916955487977,0.144349436039407,0.714944095859186,0.334708461544627,-1.55303968680853,2.09496894156611,24.5343609286774,-7.27083758224788,68.0750866463932,50,0.00521388790070909,0.00309693387001659,0.264633355273485,9,82,10.9756097560976
"30%","fixed_support","Annual","Americas-Asia","pairs",492,1992,2022,0.13036455303849,0.185727238347379,1.41558636962058,0.390844816352365,2.8027833214919,0.00469468273005343,0.305338992953314,0.93248280020929,-0.921902415553686,2.65436298400478,42.4675910886173,11.725344490571,84.0834996447569,50,0.00394201351609981,0.00291402877756943,0.357896083189315,6,56,10.7142857142857
"30%","fixed_support","Multiannual","Global","pairs",795,1992,2022,0.0773437576086574,0.309000259499885,9.98384825759991,6.83205106416836,13.7850552154663,5.10885676589561e-26,NA,NA,NA,NA,299.515447727997,204.961531925051,413.55165646399,50,0.00393473837769459,0.00315634762548093,0.396264308435516,33,110,30
"30%","fixed_support","Multiannual","Within Americas","pairs",221,1992,2022,0.040815633616778,0.362274043548312,26.2528824902192,14.1285697422328,45.7024642897927,9.34909495460293e-18,NA,NA,NA,NA,787.586474706575,423.857092266983,1371.07392869378,50,0.00826494882635269,0.00514104592232137,0.282979218755834,2,11,18.1818181818182
"30%","fixed_support","Multiannual","Within Asia","pairs",167,1992,2022,0.13687238484013,0.294241620801607,3.83250515057728,1.59152792818718,7.06777647285377,3.77913856873379e-05,1.74915986264696e-05,-22.4203773396419,-41.7798674277052,-9.90609833892448,114.975154517318,47.7458378456154,212.033294185613,50,0.00678935784973094,0.00375948337726637,0.238241083826536,13,55,23.6363636363636
"30%","fixed_support","Multiannual","Americas-Asia","pairs",407,1992,2022,0.0727526879638158,0.286128481583201,9.77630745068415,5.82056979432477,15.3104834106896,3.59257407540449e-15,0.00309064807359852,-16.476575039535,-35.9032642545373,-4.06828996702438,293.289223520524,174.617093829743,459.314502320687,50,0.00542529976027854,0.00382416247545273,0.336336139080049,18,44,40.9090909090909
"50%","fixed_support","Annual","Global","pairs",962,1992,2022,0.165426123449563,0.187882343753173,0.452492424520376,-0.13720089860422,1.15103044940179,0.110861219155748,NA,NA,NA,NA,13.5747727356113,-4.11602695812659,34.5309134820537,50,0.00273244654445382,0.00198313821265591,0.349501523089334,14,149,9.39597315436242
"50%","fixed_support","Annual","Within Americas","pairs",281,1992,2022,0.20048285261964,0.182322201117643,-0.30194854181123,-1.10763729012304,0.909506196983064,0.569531772560306,NA,NA,NA,NA,-9.0584562543369,-33.2291187036912,27.2851859094919,50,0.00576388707626648,0.00371482574767614,0.297598899894188,1,11,9.09090909090909
"50%","fixed_support","Annual","Within Asia","pairs",189,1992,2022,0.159695504006538,0.204300619523122,0.931045111843157,-0.102933438495571,2.29624580215554,0.0846244337399326,0.118777489615132,1.23299365365439,-0.308736978440817,2.8251521115177,27.9313533552947,-3.08800315486712,68.8873740646663,50,0.00491814774670597,0.00305574575355938,0.282516296382879,7,82,8.53658536585366
"50%","fixed_support","Annual","Americas-Asia","pairs",492,1992,2022,0.147605282347815,0.184750933102895,0.838850980674944,0.0106469907868399,1.90738316541322,0.0502537679100065,0.115523517052718,1.14079952248617,-0.304072227068257,2.4851718383233,25.1655294202483,0.319409723605198,57.2214949623965,50,0.00372975432863595,0.00261104979404093,0.333282178177524,6,56,10.7142857142857
"50%","fixed_support","Multiannual","Global","pairs",795,1992,2022,0.125247030976927,0.331822321164409,5.49780937124007,3.89887813678613,7.37774403315447,2.25643077634815e-23,NA,NA,NA,NA,164.934281137202,116.966344103584,221.332320994634,50,0.00333938713328633,0.00214089158394684,0.295394311476721,32,110,29.0909090909091
"50%","fixed_support","Multiannual","Within Americas","pairs",221,1992,2022,0.121382524024513,0.38971386641006,7.36875275201229,3.88399980158376,12.7473768339418,4.15999597715677e-10,NA,NA,NA,NA,221.062582560369,116.519994047513,382.421305018253,50,0.00693477022187622,0.00405902647548041,0.258955030481272,3,11,27.2727272727273
"50%","fixed_support","Multiannual","Within Asia","pairs",167,1992,2022,0.149673841158132,0.328065114782103,3.97288914445864,1.96430538306169,6.99271341564255,1.25798430496278e-06,0.109969866292602,-3.39586360755364,-9.23071200872746,1.18073959844374,119.186674333759,58.9291614918507,209.781402469277,50,0.00588977811053691,0.00364918264970601,0.281379805267775,12,55,21.8181818181818
"50%","fixed_support","Multiannual","Americas-Asia","pairs",407,1992,2022,0.117322654407448,0.301929009042926,5.24497607524749,3.2337896079343,7.931126788634,4.71681878066268e-13,0.218891982387641,-2.12377667676479,-7.69810828282105,2.18586526529469,157.349282257425,97.0136882380289,237.93380365902,50,0.00462176751397691,0.00265593761176464,0.251965616100059,17,44,38.6363636363636
