"threshold","country","ann_years_kept","mlt_years_kept","ann_mean_frac_valid","mlt_mean_frac_valid","n_years"
"none","ARGENTINA",33,31,0.918095238095238,0.742857142857143,35
"none","AUSTRALIA",33,31,0.918095238095238,0.742857142857143,35
"none","BANGLADESH",33,31,0.918095238095238,0.742857142857143,35
"none","BARBADOS",33,31,0.918095238095238,0.742857142857143,35
"none","BOLIVIA",33,31,0.918095238095238,0.742857142857143,35
"none","BRAZIL",33,31,0.918095238095238,0.742857142857143,35
"none","CAMBODIA",33,31,0.918095238095238,0.742857142857143,35
"none","CHINA",33,31,0.918095238095238,0.742857142857143,35
"none","COLOMBIA",33,31,0.918095238095238,0.742857142857143,35
"none","COSTA RICA",33,31,0.918095238095238,0.742857142857143,35
"none","DOMINICAN REPUBLIC",33,31,0.918095238095238,0.742857142857143,35
"none","ECUADOR",33,31,0.918095238095238,0.742857142857143,35
"none","EL SALVADOR",33,31,0.918095238095238,0.742857142857143,35
"none","FIJI",33,31,0.918095238095238,0.742857142857143,35
"none","FRENCH GUIANA",33,31,0.918095238095238,0.742857142857143,35
"none","FRENCH POLYNESIA",33,31,0.918095238095238,0.742857142857143,35
"none","GUADELOUPE",33,31,0.918095238095238,0.742857142857143,35
"none","GUATEMALA",33,31,0.918095238095238,0.742857142857143,35
"none","GUYANA",33,31,0.918095238095238,0.742857142857143,35
"none","HONDURAS",33,31,0.918095238095238,0.742857142857143,35
"none","INDIA",33,31,0.918095238095238,0.742857142857143,35
"none","INDONESIA",33,31,0.918095238095238,0.742857142857143,35
"none","JAMAICA",33,31,0.918095238095238,0.742857142857143,35
"none","LAO PEOPLE'S DEMOCRATIC REPUBLIC",33,31,0.918095238095238,0.742857142857143,35
"none","MALAYSIA",33,31,0.918095238095238,0.742857142857143,35
"none","MALDIVES",33,31,0.918095238095238,0.742857142857143,35
"none","MARTINIQUE",33,31,0.918095238095238,0.742857142857143,35
"none","MEXICO",33,31,0.918095238095238,0.742857142857143,35
"none","MYANMAR",33,31,0.918095238095238,0.742857142857143,35
"none","NEW CALEDONIA",33,31,0.918095238095238,0.742857142857143,35
"none","NICARAGUA",33,31,0.918095238095238,0.742857142857143,35
"none","PALAU",33,0,0.918095238095238,NA,35
"none","PANAMA",33,31,0.918095238095238,0.742857142857143,35
"none","PARAGUAY",33,31,0.918095238095238,0.742857142857143,35
"none","PERU",33,31,0.918095238095238,0.742857142857143,35
"none","PHILIPPINES",33,31,0.918095238095238,0.742857142857143,35
"none","PUERTO RICO",33,31,0.918095238095238,0.742857142857143,35
"none","SINGAPORE",33,31,0.918095238095238,0.742857142857143,35
"none","SRI LANKA",33,31,0.918095238095238,0.742857142857143,35
"none","SURINAME",33,31,0.918095238095238,0.742857142857143,35
"none","TAIWAN",33,31,0.918095238095238,0.742857142857143,35
"none","THAILAND",33,31,0.918095238095238,0.742857142857143,35
"none","TRINIDAD AND TOBAGO",33,31,0.918095238095238,0.742857142857143,35
"none","VANUATU",33,31,0.918095238095238,0.742857142857143,35
"none","VENEZUELA",33,31,0.918095238095238,0.742857142857143,35
"none","VIET NAM",33,31,0.918095238095238,0.742857142857143,35
"20%","ARGENTINA",11,6,0.341904761904762,0.147916666666667,35
"20%","AUSTRALIA",32,27,0.913333333333333,0.742857142857143,35
"20%","BANGLADESH",22,14,0.626666666666667,0.385714285714286,35
"20%","BARBADOS",9,5,0.256190476190476,0.132440476190476,35
"20%","BOLIVIA",9,5,0.256190476190476,0.132142857142857,35
"20%","BRAZIL",30,27,0.859047619047619,0.714285714285714,35
"20%","CAMBODIA",20,16,0.597142857142857,0.475297619047619,35
"20%","CHINA",14,8,0.439047619047619,0.221130952380952,35
"20%","COLOMBIA",16,12,0.456190476190476,0.332440476190476,35
"20%","COSTA RICA",10,5,0.283809523809524,0.132142857142857,35
"20%","DOMINICAN REPUBLIC",9,6,0.275238095238095,0.147321428571429,35
"20%","ECUADOR",9,5,0.256190476190476,0.132142857142857,35
"20%","EL SALVADOR",16,10,0.479047619047619,0.27202380952381,35
"20%","FIJI",12,4,0.340952380952381,0.121130952380952,35
"20%","FRENCH GUIANA",2,0,0.104761904761905,0.00595238095238095,35
"20%","FRENCH POLYNESIA",9,2,0.275714285714286,0.0788690476190476,35
"20%","GUADELOUPE",3,0,0.124761904761905,0.0125,35
"20%","GUATEMALA",9,5,0.256190476190476,0.132142857142857,35
"20%","GUYANA",7,3,0.2,0.0696428571428571,35
"20%","HONDURAS",9,5,0.256190476190476,0.132142857142857,35
"20%","INDIA",0,0,0,0,35
"20%","INDONESIA",16,13,0.458095238095238,0.347321428571429,35
"20%","JAMAICA",9,5,0.273333333333333,0.132142857142857,35
"20%","LAO PEOPLE'S DEMOCRATIC REPUBLIC",22,21,0.654285714285714,0.561011904761905,35
"20%","MALAYSIA",25,26,0.765714285714286,0.694345238095238,35
"20%","MALDIVES",15,8,0.451428571428571,0.251785714285714,35
"20%","MARTINIQUE",0,0,0.0585714285714286,0,35
"20%","MEXICO",13,7,0.393333333333333,0.194047619047619,35
"20%","MYANMAR",4,2,0.137142857142857,0.0547619047619048,35
"20%","NEW CALEDONIA",9,2,0.274285714285714,0.0717261904761905,35
"20%","NICARAGUA",22,18,0.627619047619048,0.503869047619048,35
"20%","PALAU",10,0,0.302857142857143,NA,35
"20%","PANAMA",10,5,0.284285714285714,0.138690476190476,35
"20%","PARAGUAY",14,6,0.398095238095238,0.163690476190476,35
"20%","PERU",23,19,0.656190476190476,0.532440476190476,35
"20%","PHILIPPINES",16,15,0.499047619047619,0.422619047619048,35
"20%","PUERTO RICO",9,5,0.256190476190476,0.132142857142857,35
"20%","SINGAPORE",30,26,0.856190476190476,0.724702380952381,35
"20%","SRI LANKA",14,7,0.475238095238095,0.250892857142857,35
"20%","SURINAME",8,1,0.226666666666667,0.0535714285714286,35
"20%","TAIWAN",25,21,0.713333333333333,0.591666666666667,35
"20%","THAILAND",30,26,0.856190476190476,0.724702380952381,35
"20%","TRINIDAD AND TOBAGO",0,0,0.0171428571428571,0,35
"20%","VANUATU",14,7,0.417619047619048,0.194047619047619,35
"20%","VENEZUELA",10,5,0.331428571428571,0.136309523809524,35
"20%","VIET NAM",23,21,0.685238095238095,0.614285714285714,35
"30%","ARGENTINA",14,8,0.364761904761905,0.19672619047619,35
"30%","AUSTRALIA",33,27,0.916190476190476,0.742857142857143,35
"30%","BANGLADESH",24,16,0.64,0.421428571428571,35
"30%","BARBADOS",10,6,0.264761904761905,0.15297619047619,35
"30%","BOLIVIA",10,6,0.262857142857143,0.152380952380952,35
"30%","BRAZIL",32,27,0.873333333333333,0.738690476190476,35
"30%","CAMBODIA",23,19,0.618095238095238,0.557440476190476,35
"30%","CHINA",19,11,0.473333333333333,0.273511904761905,35
"30%","COLOMBIA",17,13,0.462857142857143,0.352380952380952,35
"30%","COSTA RICA",12,6,0.297142857142857,0.15297619047619,35
"30%","DOMINICAN REPUBLIC",12,7,0.297142857142857,0.171130952380952,35
"30%","ECUADOR",10,6,0.262857142857143,0.152380952380952,35
"30%","EL SALVADOR",19,13,0.499047619047619,0.344047619047619,35
"30%","FIJI",14,6,0.356190476190476,0.145833333333333,35
"30%","FRENCH GUIANA",6,0,0.132857142857143,0.0241071428571429,35
"30%","FRENCH POLYNESIA",13,4,0.310952380952381,0.112797619047619,35
"30%","GUADELOUPE",8,0,0.17,0.0196428571428571,35
"30%","GUATEMALA",10,6,0.262857142857143,0.152380952380952,35
"30%","GUYANA",9,4,0.214285714285714,0.0883928571428571,35
"30%","HONDURAS",10,6,0.262857142857143,0.152380952380952,35
"30%","INDIA",0,0,0.000952380952380952,0,35
"30%","INDONESIA",17,14,0.465714285714286,0.371428571428571,35
"30%","JAMAICA",12,6,0.294285714285714,0.152380952380952,35
"30%","LAO PEOPLE'S DEMOCRATIC REPUBLIC",25,22,0.675238095238095,0.605654761904762,35
"30%","MALAYSIA",29,27,0.793809523809524,0.728273809523809,35
"30%","MALDIVES",19,11,0.479047619047619,0.308630952380952,35
"30%","MARTINIQUE",6,0,0.120952380952381,0.00119047619047619,35
"30%","MEXICO",16,10,0.413333333333333,0.238392857142857,35
"30%","MYANMAR",6,4,0.15047619047619,0.0836309523809524,35
"30%","NEW CALEDONIA",13,3,0.302857142857143,0.094047619047619,35
"30%","NICARAGUA",23,19,0.634285714285714,0.523809523809524,35
"30%","PALAU",14,0,0.336666666666667,NA,35
"30%","PANAMA",12,6,0.299047619047619,0.162202380952381,35
"30%","PARAGUAY",16,8,0.411428571428571,0.194642857142857,35
"30%","PERU",24,20,0.662857142857143,0.552380952380952,35
"30%","PHILIPPINES",20,17,0.532380952380952,0.45922619047619,35
"30%","PUERTO RICO",10,6,0.262857142857143,0.152380952380952,35
"30%","SINGAPORE",31,27,0.862857142857143,0.732440476190476,35
"30%","SRI LANKA",21,17,0.523809523809524,0.431845238095238,35
"30%","SURINAME",10,2,0.24,0.0684523809523809,35
"30%","TAIWAN",26,22,0.720952380952381,0.612797619047619,35
"30%","THAILAND",31,27,0.862857142857143,0.732440476190476,35
"30%","TRINIDAD AND TOBAGO",2,0,0.0333333333333333,0,35
"30%","VANUATU",18,9,0.45,0.241071428571429,35
"30%","VENEZUELA",14,8,0.354285714285714,0.180059523809524,35
"30%","VIET NAM",25,23,0.701904761904762,0.648214285714286,35
"50%","ARGENTINA",15,11,0.404285714285714,0.275297619047619,35
"50%","AUSTRALIA",33,27,0.918095238095238,0.742857142857143,35
"50%","BANGLADESH",24,18,0.660952380952381,0.486309523809524,35
"50%","BARBADOS",12,7,0.301904761904762,0.1875,35
"50%","BOLIVIA",10,7,0.273333333333333,0.185714285714286,35
"50%","BRAZIL",33,27,0.903809523809524,0.742857142857143,35
"50%","CAMBODIA",24,23,0.694285714285714,0.643154761904762,35
"50%","CHINA",19,15,0.52952380952381,0.425,35
"50%","COLOMBIA",17,14,0.473333333333333,0.385714285714286,35
"50%","COSTA RICA",12,7,0.318095238095238,0.189285714285714,35
"50%","DOMINICAN REPUBLIC",13,8,0.358095238095238,0.224702380952381,35
"50%","ECUADOR",10,7,0.273333333333333,0.185714285714286,35
"50%","EL SALVADOR",19,16,0.53047619047619,0.467559523809524,35
"50%","FIJI",16,8,0.403809523809524,0.20625,35
"50%","FRENCH GUIANA",7,2,0.19,0.0690476190476191,35
"50%","FRENCH POLYNESIA",16,9,0.403809523809524,0.22797619047619,35
"50%","GUADELOUPE",12,3,0.275238095238095,0.116071428571429,35
"50%","GUATEMALA",10,7,0.273333333333333,0.185714285714286,35
"50%","GUYANA",10,5,0.260952380952381,0.131845238095238,35
"50%","HONDURAS",10,7,0.273333333333333,0.185714285714286,35
"50%","INDIA",1,0,0.0142857142857143,0,35
"50%","INDONESIA",18,15,0.501904761904762,0.414285714285714,35
"50%","JAMAICA",12,7,0.329523809523809,0.196130952380952,35
"50%","LAO PEOPLE'S DEMOCRATIC REPUBLIC",26,23,0.716190476190476,0.643154761904762,35
"50%","MALAYSIA",30,27,0.846666666666667,0.739285714285714,35
"50%","MALDIVES",20,14,0.546666666666667,0.417261904761905,35
"50%","MARTINIQUE",12,4,0.270952380952381,0.116964285714286,35
"50%","MEXICO",16,13,0.444761904761905,0.356845238095238,35
"50%","MYANMAR",6,6,0.171428571428571,0.165178571428571,35
"50%","NEW CALEDONIA",14,6,0.374285714285714,0.166666666666667,35
"50%","NICARAGUA",23,20,0.644761904761905,0.557142857142857,35
"50%","PALAU",17,0,0.418095238095238,NA,35
"50%","PANAMA",14,8,0.347142857142857,0.206547619047619,35
"50%","PARAGUAY",16,10,0.432380952380952,0.257142857142857,35
"50%","PERU",24,21,0.673333333333333,0.585714285714286,35
"50%","PHILIPPINES",22,19,0.628095238095238,0.55,35
"50%","PUERTO RICO",10,7,0.273333333333333,0.185714285714286,35
"50%","SINGAPORE",31,27,0.873333333333333,0.739285714285714,35
"50%","SRI LANKA",23,20,0.616190476190476,0.563095238095238,35
"50%","SURINAME",10,4,0.260952380952381,0.10327380952381,35
"50%","TAIWAN",27,23,0.744761904761905,0.648511904761905,35
"50%","THAILAND",31,27,0.873333333333333,0.739285714285714,35
"50%","TRINIDAD AND TOBAGO",4,0,0.0847619047619048,0.0101190476190476,35
"50%","VANUATU",20,13,0.518095238095238,0.342857142857143,35
"50%","VENEZUELA",14,11,0.387619047619048,0.291964285714286,35
"50%","VIET NAM",26,25,0.730476190476191,0.686607142857143,35
