"threshold","variant","Cycle","Region","N","Power_Start","Power_End","Pct_Change","CI_Lower","CI_Upper","P_value","Interaction_P","Diff_AsiaMinusAmericas","Diff_CI_Lower","Diff_CI_Upper","Pct_Change_Cum_1990_2024","Cum_CI_Lower_1990_2024","Cum_CI_Upper_1990_2024","Weighting","m","Within_SD_logslope","Between_SD_logslope","FMI","N_Inc","N_Tot","Pct_Inc"
"none","per_threshold","Annual","Global",46,0.630098815558045,1.02189892100385,1.50204368569888,-0.784372046764992,3.84114967482396,0.199651336324543,NA,NA,NA,NA,66.0132473118282,-23.4891713844555,260.215655505512,"countries",50,0.0115079618131141,0.00162416726428411,0.0199126759186138,10,46,21.7391304347826
"none","per_threshold","Annual","Americas",25,0.536167833961925,0.836082368701061,1.39805736843557,-1.68480633646637,4.57759024794677,0.378132098885522,NA,NA,NA,NA,60.3273367513363,-43.8820591172785,358.050571803692,"countries",50,0.0156101588899489,0.00209495529005696,0.0180396861777782,5,25,20
"none","per_threshold","Annual","Asia",21,0.741921412696283,1.2431091023167,1.62597597351191,-1.75350420698409,5.12170341756857,0.349921932006275,0.923506510989297,0.227918605076338,-4.39374762255776,4.84939308897749,73.045695126464,-45.2000262759915,446.438448175423,"countries",50,0.0170320796960663,0.00273696577075927,0.0256633059389088,5,21,23.8095238095238
"none","per_threshold","Multiannual","Global",45,1.56428582948147,2.01508400576278,0.814052427088785,-0.729717895908921,2.38183020488216,0.303062528736478,NA,NA,NA,NA,31.7396372475556,-22.0430739962128,122.627198271958,"countries",50,0.00747468587120715,0.0024433378384348,0.098277526030024,12,45,26.6666666666667
"none","per_threshold","Multiannual","Americas",25,1.62087289067816,1.74838302882476,0.25274069125989,-1.77271178075483,2.31995811261572,0.80845466086954,NA,NA,NA,NA,8.96139130643663,-45.5631163835397,118.098171803583,"countries",50,0.0100283434310859,0.00277382492705569,0.0723879456888347,6,25,24
"none","per_threshold","Multiannual","Asia",20,1.4935520029856,2.3484602269353,1.52011367089906,-0.828622534405976,3.92447642796823,0.206427353518219,0.426512093168005,1.26737297963917,-1.77698189981518,4.42213167999061,67.0210625687735,-24.6408922856061,270.174703332825,"countries",50,0.0112120288068107,0.00406121023896125,0.118030985792045,6,20,30
"20%","per_threshold","Annual","Global",43,0.298095018770555,0.877491213338782,4.63989193540626,1.09686036777787,8.3070922719118,0.00986064980486482,NA,NA,NA,NA,367.420336848701,44.9041182729603,1407.76785300327,"countries",50,0.0175259249237205,0.00129541379333066,0.00554168575218795,10,40,25
"20%","per_threshold","Annual","Americas",23,0.0831421637492717,0.676502416085778,6.77055517117839,1.6699520705256,12.1270465796406,0.00871371886647399,NA,NA,NA,NA,827.579263332508,75.6099179223508,4799.51421846756,"countries",50,0.0248967088433493,0.00195802844180757,0.00626935648381675,8,21,38.0952380952381
"20%","per_threshold","Annual","Asia",20,0.545290802045031,1.10862833017974,2.2421400620426,-2.55656564682043,7.27716314449911,0.365965011562918,0.215483960304909,-4.5284151091358,-11.6640713340812,2.75719305156797,112.528737775759,-58.54396226689,989.55092793353,"countries",50,0.0244967666904032,0.00120370156346696,0.00245669954468726,2,19,10.5263157894737
"20%","per_threshold","Multiannual","Global",40,0.698025152727637,2.04763402657672,4.37640257720358,1.65684170188396,7.16871813613078,0.00147357719019312,NA,NA,NA,NA,329.021474404551,74.8416256055264,952.720854446443,"countries",50,0.0132936585626468,0.0021498608651596,0.025983529331217,11,34,32.3529411764706
"20%","per_threshold","Multiannual","Americas",21,0.517860671824752,2.02978939400393,5.39423309133544,1.22998994019001,9.7297784527459,0.0106399624593339,NA,NA,NA,NA,496.723075730169,51.5348716512457,2249.81179730287,"countries",50,0.0203431171347213,0.00300280008329711,0.021740625210215,4,19,21.0526315789474
"20%","per_threshold","Multiannual","Asia",19,0.897154315830826,2.06735704152558,3.26286417876871,-0.133210735757172,6.77442618274688,0.0598573551358212,0.445634493061935,-2.13136891256673,-7.73933215447546,3.3748838607659,197.921380285676,-4.43101503732914,828.723360052332,"countries",50,0.0166643304987338,0.00362138191283975,0.0459559264431301,7,15,46.6666666666667
"30%","per_threshold","Annual","Global",45,0.339774228201556,0.921444061008768,3.73138335974039,0.624291874088589,6.934416067143,0.0182228383611147,NA,NA,NA,NA,247.492766809612,23.5652812190846,877.226141466906,"countries",50,0.015391837683108,0.00193973571261555,0.0159413583701293,10,44,22.7272727272727
"30%","per_threshold","Annual","Americas",25,0.155043078797069,0.716397630021725,4.89914052741001,0.567423964894442,9.41743607980328,0.0262202992304614,NA,NA,NA,NA,408.446914722379,21.2129658509254,2032.76082534476,"countries",50,0.021299529921074,0.00301414716388114,0.0200173881095857,8,24,33.3333333333333
"30%","per_threshold","Annual","Asia",20,0.570688164957166,1.17775209974257,2.2899507265113,-2.06324213834105,6.8366387461182,0.307545735623926,0.414502353656999,-2.6091898008987,-8.84547028345864,3.77232394381329,115.933965226781,-50.7785302921403,847.299575069682,"countries",50,0.0221470267147285,0.00134937173680751,0.00377216951981698,2,20,10
"30%","per_threshold","Multiannual","Global",40,0.787282684394918,2.14676010926595,4.03613923457669,1.60301385640309,6.52753157630981,0.00104993970329497,NA,NA,NA,NA,283.940322621774,71.7212660927786,758.427000271874,"countries",50,0.0117766291034782,0.00263498048186909,0.0485829531919467,11,35,31.4285714285714
"30%","per_threshold","Multiannual","Americas",21,0.613620752632869,2.03262485466463,4.7143125377773,1.00143345872237,8.56367949213868,0.0123882096345759,NA,NA,NA,NA,378.856690582435,40.3253958860425,1534.08575238781,"countries",50,0.0180108388582033,0.00381521339148768,0.0437657382331876,4,19,21.0526315789474
"30%","per_threshold","Multiannual","Asia",19,0.979224819500339,2.27290960119373,3.29168806406448,0.249679634685585,6.42600417281085,0.0337171801233631,0.567583897460615,-1.42262447371282,-6.26117233965211,3.65953363763048,200.761852243052,8.84833159377676,731.043438518292,"countries",50,0.0147787242582814,0.00372656258695414,0.0609049603934327,7,16,43.75
"50%","per_threshold","Annual","Global",46,0.349270923397627,0.944693315297545,3.46059481463319,0.516956911908872,6.4904371187696,0.0208836156959686,NA,NA,NA,NA,217.942812271223,19.1618651459123,748.322000928346,"countries",50,0.0146075634013114,0.00185255786130126,0.0161406562680582,10,44,22.7272727272727
"50%","per_threshold","Annual","Americas",25,0.192508522199871,0.717142256591767,4.19541404952475,0.135561010955443,8.41986802035406,0.0426859132017218,NA,NA,NA,NA,304.438566950437,4.71367466079493,1462.07443742936,"countries",50,0.020059629098621,0.00293398976355641,0.0213548637591574,7,24,29.1666666666667
"50%","per_threshold","Annual","Asia",21,0.535892829585433,1.21558743280442,2.59256379101171,-1.61410827578357,6.97909995790744,0.230843415529363,0.598362430208311,-1.60285025851303,-7.5253283285354,4.28885697794875,138.748153509395,-42.4936118362072,891.206066390277,"countries",50,0.0212970063103036,0.00164381012446782,0.00603997682341801,3,20,15
"50%","per_threshold","Multiannual","Global",43,1.01297081032837,2.29813684630588,3.23377379322127,1.09004157074284,5.42296635749286,0.00295531463300966,NA,NA,NA,NA,195.081051826601,44.5721882808727,502.279236293561,"countries",50,0.0104169373360395,0.00244578377012398,0.0532351302294285,10,38,26.3157894736842
"50%","per_threshold","Multiannual","Americas",24,0.895276595253685,2.26098930513876,3.62741493886607,0.465655215185534,6.88867856294797,0.0242109980640963,NA,NA,NA,NA,235.844772613258,17.1113838174002,863.114836620114,"countries",50,0.0152951070211192,0.00395423384568283,0.0638230801353252,3,19,15.7894736842105
"50%","per_threshold","Multiannual","Asia",19,1.16163718726481,2.34506005620119,2.73867947608462,-0.0203922887971664,5.57389153775327,0.0517410396604509,0.683520568887102,-0.888735462781454,-5.37270092315807,3.29944580496163,150.585130898929,-0.691009992618064,532.298322870524,"countries",50,0.0135100408665011,0.00318737588043907,0.0537243388989711,7,19,36.8421052631579
"none","fixed_support","Annual","Global",43,0.29840753252351,0.877247839856115,4.63606735525399,1.09618353439587,8.29990024151785,0.00985616107034114,NA,NA,NA,NA,366.839824961739,44.8711378839788,1404.36743545734,"countries",50,0.0175108051093405,0.00129335377844903,0.00553366293411514,10,40,25
"none","fixed_support","Annual","Americas",23,0.0832039339578381,0.676370765800556,6.76742785988036,1.67163299125084,12.1186245999973,0.00868093540961628,NA,NA,NA,NA,826.655970024526,75.7086597243725,4787.01745337476,"countries",50,0.0248734895266511,0.00195511153671402,0.00626241050067301,8,21,38.0952380952381
"none","fixed_support","Annual","Asia",20,0.545891670874033,1.10825647502001,2.2375495173625,-2.55734858349992,7.26839201693985,0.366568830686243,0.214928183387666,-4.52987834251786,-11.8177833007321,2.63720661653322,112.204540646981,-58.5552858322325,986.526182540729,"countries",50,0.0244779724421002,0.00120294555849142,0.00245738211874442,2,19,10.5263157894737
"none","fixed_support","Multiannual","Global",40,0.879668144711184,1.88656723148504,3.02981783197862,0.892805015847342,5.21209476556201,0.00525306486137925,NA,NA,NA,NA,175.892367616232,35.2840756742307,462.642706686202,"countries",50,0.0105606374676618,0.00166591081257916,0.024753565787585,13,34,38.2352941176471
"none","fixed_support","Multiannual","Americas",21,0.742920833300857,1.84239549791887,3.55493056198359,0.291202827840231,6.92486819711799,0.032522940411717,NA,NA,NA,NA,227.949203790996,10.3917351488499,874.263880553458,"countries",50,0.0161347874992575,0.00254942400433096,0.0248334249366293,5,19,26.3157894736842
"none","fixed_support","Multiannual","Asia",19,1.03080990995418,1.93538862121607,2.45252749017006,-0.233762060323506,5.21114763764827,0.0738836832071762,0.615247831283168,-1.10240307181353,-5.53583465912308,3.23603962297287,127.914005166486,-7.6488605955959,462.470523764344,"countries",50,0.0132770571307746,0.00270728999114411,0.0406843703785744,8,15,53.3333333333333
"20%","fixed_support","Annual","Global",43,0.298095018770555,0.877491213338782,4.63989193540626,1.09686036777787,8.3070922719118,0.00986064980486482,NA,NA,NA,NA,367.420336848701,44.9041182729603,1407.76785300327,"countries",50,0.0175259249237205,0.00129541379333066,0.00554168575218795,10,40,25
"20%","fixed_support","Annual","Americas",23,0.0831421637492717,0.676502416085778,6.77055517117839,1.6699520705256,12.1270465796406,0.00871371886647399,NA,NA,NA,NA,827.579263332508,75.6099179223508,4799.51421846756,"countries",50,0.0248967088433493,0.00195802844180757,0.00626935648381675,8,21,38.0952380952381
"20%","fixed_support","Annual","Asia",20,0.545290802045031,1.10862833017974,2.2421400620426,-2.55656564682043,7.27716314449911,0.365965011562918,0.215483960304909,-4.5284151091358,-11.5929073104155,2.84737680032638,112.528737775759,-58.54396226689,989.55092793353,"countries",50,0.0244967666904032,0.00120370156346696,0.00245669954468726,2,19,10.5263157894737
"20%","fixed_support","Multiannual","Global",40,0.783313114330702,1.85415634464771,3.48675218910977,1.32355107593318,5.69613643549043,0.00147357701539107,NA,NA,NA,NA,220.687291314092,56.3700841916742,557.672721364722,"countries",50,0.0106369975574863,0.00172022356567404,0.025983529246778,11,34,32.3529411764706
"20%","fixed_support","Multiannual","Americas",21,0.602045838660031,1.79602513598512,4.29344969014298,0.982979916037841,7.71244478340958,0.0106399614417853,NA,NA,NA,NA,317.579445829165,39.4563179107202,1150.37428344139,"countries",50,0.0162776624816279,0.00240270781007058,0.0217406253538571,4,19,21.0526315789474
"20%","fixed_support","Multiannual","Asia",19,0.983661155861444,1.91840662790637,2.60239668415521,-0.106603517795201,5.38486202346806,0.059857353541573,0.445634483087342,-1.69105300598777,-5.96143643879659,2.7297102107343,139.527393692134,-3.56148482156137,494.921771895695,"countries",50,0.0133340601493432,0.00289766963994568,0.0459559269999955,7,15,46.6666666666667
"30%","fixed_support","Annual","Global",43,0.298084288556493,0.877499535950946,4.64002199129092,1.09688456219617,8.30733557967895,0.00986077737902698,NA,NA,NA,NA,367.440089625328,44.9052973410264,1407.88302014043,"countries",50,0.0175264393785954,0.00129540061501634,0.0055412501088538,10,40,25
"30%","fixed_support","Annual","Americas",23,0.0831401124125911,0.676506965605144,6.77065993310342,1.66989780570126,12.1273264613348,0.00871479034533473,NA,NA,NA,NA,827.610208222871,75.6067311582583,4799.93004666674,"countries",50,0.0248974994336694,0.0019578388122986,0.00626775424118573,8,21,38.0952380952381
"30%","fixed_support","Annual","Asia",20,0.545270091121981,1.10864099184862,2.24229790839161,-2.55654224143173,7.27746861660516,0.365944636827168,0.215503350712859,-4.52836202471181,-11.5823088480895,2.70394272254911,112.539893872018,-58.5436237099622,989.656417895459,"countries",50,0.0244974054250604,0.00120424452464663,0.00245878300300477,2,19,10.5263157894737
"30%","fixed_support","Multiannual","Global",40,0.881021556428339,1.88731294609475,3.02504852347769,0.881975787111733,5.21364733838765,0.00545829532221852,NA,NA,NA,NA,175.45847784471,34.7912492501891,462.92506701,"countries",50,0.0105798813859799,0.00174064748171774,0.0268677977664911,13,34,38.2352941176471
"30%","fixed_support","Multiannual","Americas",21,0.744332147071752,1.8424998865727,3.54759744828099,0.27084179577137,6.93143435605843,0.0336019910442159,NA,NA,NA,NA,227.160532956816,9.63228664268046,876.300117441126,"countries",50,0.0161776566526928,0.00270282995251272,0.0276830691942833,5,19,26.3157894736842
"30%","fixed_support","Multiannual","Asia",19,1.03209932466457,1.93684316977701,2.45056190923731,-0.23852883691885,5.21213764340296,0.0744238842981252,0.618008206090875,-1.09703553904368,-5.3798685385901,3.33480228537708,127.765383984404,-7.79876694780044,462.650502864675,"countries",50,0.0132812340012991,0.00275818258448491,0.0421378479653063,8,15,53.3333333333333
"50%","fixed_support","Annual","Global",43,0.298124443080543,0.877468253405627,4.63953165383473,1.09679884972926,8.30641236236536,0.00986017979718188,NA,NA,NA,NA,367.365621822089,44.9011203520757,1407.44607032998,"countries",50,0.0175244995156244,0.00129508433993117,0.00553977905456224,10,40,25
"50%","fixed_support","Annual","Americas",23,0.0831479771786756,0.676490042969453,6.77026085484054,1.67011827330668,12.1262451211657,0.00871052349465694,NA,NA,NA,NA,827.492332654787,75.6196787206623,4798.32365825987,"countries",50,0.0248945180910705,0.00195732084994352,0.00626595021881167,8,21,38.0952380952381
"50%","fixed_support","Annual","Asia",20,0.54534737886769,1.10859319540723,2.24170731494295,-2.55664655950562,7.27634410753324,0.3660225931553,0.215431692624001,-4.52855353989758,-11.804314099409,2.68429373668353,112.498155451776,-58.5451326412252,989.268135382155,"countries",50,0.024494997273937,0.00120432807770642,0.00245960572392114,2,19,10.5263157894737
"50%","fixed_support","Multiannual","Global",40,0.879667832468761,1.88656705474099,3.02981888211633,0.892805252738582,5.2120966632907,0.00525306634564221,NA,NA,NA,NA,175.892463225941,35.2840864739981,462.643051734744,"countries",50,0.0105606415435766,0.00166591067104837,0.024753543051262,13,34,38.2352941176471
"50%","fixed_support","Multiannual","Americas",21,0.742920550491256,1.84239532285953,3.55493169971544,0.291202718056094,6.92487066367669,0.0325229512992829,NA,NA,NA,NA,227.949326296247,10.3917310402652,874.264644685508,"countries",50,0.0161347936933232,0.00254942430332328,0.0248334120234681,5,19,26.3157894736842
"50%","fixed_support","Multiannual","Asia",19,1.03080956518074,1.93538844260998,2.45252844449244,-0.233762176527641,5.21114972023111,0.0738836860861612,0.615247915148841,-1.10240325522299,-5.4473635422865,3.12052031811931,127.914077347409,-7.64886425288379,462.470902310944,"countries",50,0.0132770623044051,0.00270729136093864,0.0406843794566148,8,15,53.3333333333333
